id,gender,masterCategory,subCategory,articleType,baseColour,season,year,usage,productDisplayName
13419,Men,Apparel,Topwear,Tshirts,Pink,Summer,2011,Casual,United Colors of Benetton Men Solid Pink Polo T-shirts
12993,Unisex,Footwear,Shoes,Sports Shoes,Black,Fall,2011,Sports,ADIDAS Kids Adispeed Black Sports Shoes
6617,Men,Apparel,Topwear,Shirts,Black,Summer,2011,Casual,Spykar Men Black and white Check Shirt
54127,Women,Footwear,Shoes,Heels,Black,Winter,2012,Casual,Rocia Women Black Heels
4716,Unisex,Accessories,Watches,Watches,Black,Winter,2016,Sports,ADIDAS Unisex Response ST Analogue Black Watch
52486,Women,Apparel,Innerwear,Camisoles,Maroon,Winter,2015,Casual,Red Rose Maroon Camisole
17416,Men,Footwear,Shoes,Sports Shoes,Black,Fall,2011,Sports,Lotto Men Atlantica Black Sports Shoe
27283,Women,Apparel,Topwear,Kurtas,Magenta,Fall,2011,Ethnic,Mother Earth Women Magenta Kurta
22705,Men,Footwear,Shoes,Casual Shoes,White,Fall,2011,Casual,Nike Men White Capri II Casual Shoe
6889,Women,Apparel,Topwear,Jackets,Cream,Summer,2011,Casual,Forever New Women Stone Cream Jacket
31312,Women,Apparel,Topwear,Kurtas,Peach,Summer,2012,Ethnic,W Women Peach Kurta
14869,Men,Accessories,Wallets,Wallets,Black,Summer,2011,Casual,United Colors of Benetton Men Solid Black Wallets
13846,Men,Apparel,Topwear,Shirts,Blue,Fall,2011,Casual,John Miller Men Stripes Blue Shirts
18002,Women,Apparel,Bottomwear,Capris,Black,Summer,2011,Sports,Puma Women Essential Skinny Black 3/4 Pant
44722,Women,Footwear,Flip Flops,Flip Flops,Orange,Summer,2012,Casual,Lotto Women Red & Orange Disco Holic Flip Flops
52475,Women,Apparel,Loungewear and Nightwear,Bath Robe,White,Winter,2015,NA,Red Rose White & Red Dot Print Bath Robe
8914,Men,Footwear,Shoes,Sports Shoes,White,Fall,2011,Sports,Puma Men Future Cat Remix SF White Sports Shoes
55496,Women,Personal Care,Lips,Lip Gloss,Pink,Spring,2017,Casual,Revlon ColorBurst Hot Pink Lip Gloss 10
36792,Men,Accessories,Watches,Watches,Black,Winter,2016,Casual,Maxima Men Black Dial Attivo Watch
40971,Men,Footwear,Shoes,Casual Shoes,Brown,Winter,2012,Casual,Buckaroo Men Brown Casual Shoes
59252,Men,Accessories,Watches,Watches,White,Winter,2016,Casual,Titan Men White Dial Automatic Watch NB9365SL01
54915,Men,Apparel,Topwear,Tshirts,Cream,Summer,2012,Casual,Do u speak Cream Men T-shirt
57555,Women,Personal Care,Lips,Lipstick,Pink,Spring,2017,NA,Lotus Herbals SPF-10 Tulip Love Lipstick 417
46427,Men,Accessories,Watches,Watches,Black,Winter,2016,Casual,Timex Men Black Dial Watch
7700,Women,Apparel,Topwear,Tops,Pink,Fall,2011,Casual,Jealous 21 Women's All Girls Dying Jealousy Pink Top
17043,Men,Footwear,Shoes,Casual Shoes,Black,Summer,2013,Casual,Gas Men Skate 003 Casual Shoe
35313,Women,Accessories,Jewellery,Earrings,Silver,Winter,2016,Ethnic,Fabindia Women Anusuya Silver Earrings
44384,Women,Personal Care,Fragrance,Deodorant,White,Spring,2017,Casual,Spinz Women Enchante Deo
12367,Men,Apparel,Topwear,Shirts,White,Fall,2011,Formal,Reid & Taylor Men White Shirt
36902,Men,Accessories,Watches,Watches,Silver,Winter,2016,Casual,Fossil Men Silver-Toned Dial Chronograph Watch FS4643
8542,Women,Footwear,Flip Flops,Flip Flops,Black,Fall,2011,Casual,Crocs Women Abf Single Flip Slippers
46282,Women,Apparel,Topwear,Tunics,Yellow,Summer,2012,Casual,109F Women Yellow Tunic
57760,Women,Personal Care,Skin Care,Face Wash and Cleanser,White,Spring,2017,NA,Lotus Herbals Tea Tree Face Wash
33017,Women,Apparel,Topwear,Kurtas,Green,Summer,2012,Ethnic,Mother Earth Women Striped Green Kurta
36101,Men,Accessories,Wallets,Wallets,Brown,Summer,2012,Casual,OTLS Men Josh Brown Wallet
57196,Women,Apparel,Topwear,Tunics,Red,Summer,2012,Casual,Elle Women Red Tunic
54713,Women,Apparel,Apparel Set,Kurta Sets,Cream,Fall,2012,Ethnic,Shree Women Cream-Coloured & Pink Printed Salwar Suit with Dupatta
48728,Women,Accessories,Jewellery,Earrings,Silver,Summer,2015,Casual,Lucera Women Silver Earrings
7753,Men,Footwear,Shoes,Sports Shoes,Black,Fall,2011,Sports,Fila Men's Victory Black Shoe
22767,Women,Apparel,Topwear,Kurtas,Green,Fall,2011,Ethnic,BIBA Women Solid Green Kurta
17813,Men,Footwear,Shoes,Casual Shoes,Brown,Fall,2011,Casual,Lee Cooper Men  Brown Casual Shoe
12139,Women,Apparel,Topwear,Kurtas,Purple,Fall,2011,Ethnic,Aurelia Women Solid Purple Kurtas
25589,Women,Apparel,Apparel Set,Kurta Sets,Green,Fall,2011,Ethnic,Vishudh Women Green Churidar Kurta with Dupatta
29176,Boys,Apparel,Bottomwear,Shorts,Khaki,Summer,2012,Casual,United Colors of Benetton Boys Khaki Shorts
19525,Men,Apparel,Topwear,Sweaters,Grey,Fall,2011,Casual,United Colors of Benetton Men Check Grey Sweater
50378,Women,Apparel,Bottomwear,Salwar and Dupatta,White,Summer,2012,Ethnic,Vishudh Women Red & White Salwar and Dupatta
44778,Men,Footwear,Shoes,Casual Shoes,Grey,Summer,2012,Casual,Lotto Men Grey Skateboard Shoes
49067,Women,Accessories,Bags,Handbags,Olive,Summer,2012,Casual,Lino Perros Women Olive Handbag
14454,Women,Footwear,Shoes,Heels,Taupe,Summer,2012,Casual,Enroute Women Casual Taupe Casual Heels
5231,Men,Apparel,Topwear,Tshirts,Navy Blue,Summer,2011,Casual,Classic Polo Men's Cari Navy Polo T-shirt
6672,Women,Footwear,Shoes,Casual Shoes,White,Summer,2011,Casual,Nike Women Dunk Skinny White Red Shoe
4317,Unisex,Apparel,Topwear,Tshirts,Red,Summer,2011,Casual,Tantra Kid's Unisex Kya Boss Red Kidswear
54189,Men,Apparel,Innerwear,Briefs,Red,Summer,2016,Casual,Jockey MC Men Red Pack of 2 Briefs 8003
48380,Men,Apparel,Bottomwear,Trousers,Black,Summer,2012,Casual,French Connection Men Charcoal Trousers
28291,Men,Accessories,Eyewear,Sunglasses,Black,Winter,2016,Casual,Fastrack Men Black Sunglasses
3931,Women,Apparel,Topwear,Tshirts,Black,Summer,2011,Casual,Jealous 21 Women's Black Butterfly T-shirt
36732,Women,Apparel,Bottomwear,Jeans,Blue,Summer,2012,Casual,Spykar Women Liana Blue Jeans
11110,Men,Apparel,Topwear,Shirts,White,Fall,2011,Formal,Indigo Nation Men Check White Shirts
55260,Women,Personal Care,Makeup,Kajal and Eyeliner,Green,Spring,2017,Casual,Lakme Forever Silk Jaded Mint Eye Liner
33416,Women,Accessories,Wallets,Wallets,Purple,Fall,2012,Casual,Baggit Women Purple Wallet
11574,Women,Apparel,Topwear,Kurtas,Grey,Summer,2011,Ethnic,W Women Printed Grey Kurtas
19719,Men,Apparel,Topwear,Shirts,Grey,Fall,2011,Casual,United Colors of Benetton Men Stripes Grey Shirt
16751,Women,Accessories,Bags,Clutches,Copper,Winter,2015,Casual,Spice Art Women Copper Leartherite Multi Clutch
21315,Women,Accessories,Eyewear,Sunglasses,Black,Winter,2016,Casual,Celine Dion Women Black Frame Sunglasses
55294,Women,Personal Care,Lips,Lip Gloss,Pink,Spring,2017,Casual,Lakme Absolute Beigeshine Plump & Shine Lip Gloss
31970,Men,Footwear,Shoes,Sports Shoes,Black,Summer,2012,Sports,Nike Men Lengo Black Sports Shoes
33885,Men,Accessories,Watches,Watches,Steel,Winter,2016,Casual,Citizen Men Steel Eco-Drive Watch
59466,Women,Accessories,Jewellery,Ring,Silver,Summer,2015,Casual,Lucera Silver Ring
9633,Men,Apparel,Topwear,Shirts,White,Fall,2011,Formal,Indigo Nation Men Price catch Blue White Shirts
3103,Men,Apparel,Topwear,Tshirts,Navy Blue,Summer,2011,Casual,Probase Men's Wtf Blue T-Shirt
19148,Men,Apparel,Topwear,Tshirts,Navy Blue,Summer,2011,Casual,United Colors of Benetton Men Navy Blue Polo Tshirt
43130,Women,Personal Care,Fragrance,Perfume and Body Mist,Purple,Spring,2017,Casual,David Beckham Women Signature Eau De Toilette 50 ml
26934,Women,Apparel,Dress,Dresses,Black,Summer,2012,Casual,Jealous 21 Women Black Dress
33876,Men,Accessories,Watches,Watches,Black,Winter,2016,Casual,Citizen Men Black Dial Chronograph Watch
58524,Unisex,Accessories,Bags,Handbags,Black,Fall,2012,Casual,Wildcraft Unisex Black Rain Cover For Backpacks
49664,Men,Accessories,Eyewear,Sunglasses,Brown,Winter,2016,Casual,United Colors of Benetton Men Sunglass
16960,Men,Accessories,Eyewear,Sunglasses,Black,Winter,2016,Casual,Image Men Classic Eyewear Black Sunglasses
42876,Women,Accessories,Bags,Clutches,Black,Summer,2012,Casual,French Connection Women Black Clutch
3709,Men,Apparel,Topwear,Tshirts,Purple,Summer,2011,Casual,Classic Polo Men's Purple Black Stripe T-shirt
22356,Men,Apparel,Topwear,Shirts,White,Fall,2011,Casual,John Players Men Solid White Shirt
11948,Men,Footwear,Shoes,Casual Shoes,Black,Summer,2012,Casual,Ganuchi Men Casual Black Casual Shoes
57761,Women,Personal Care,Skin Care,Face Wash and Cleanser,Cream,Spring,2017,Casual,Lotus Herbals Tea Tree & Cinnamon Anti-Acne Oil Control Face Wash
43153,Men,Accessories,Watches,Watches,Brown,Summer,2017,Casual,Fastrack Men Brown Dial Watch NE1478SM02
54574,Women,Apparel,Topwear,Kurtas,Green,Summer,2012,Ethnic,Sushilas Women Printed Green Kurti
54110,Women,Footwear,Shoes,Heels,Black,Winter,2012,Casual,Rocia Women Black Flats
51462,Women,Apparel,Topwear,Tops,Brown,Summer,2012,Casual,Tonga Women Brown Top
46089,Women,Footwear,Shoes,Sports Shoes,White,Summer,2012,Sports,ADIDAS Women White Galaxy Arriba Sports Shoes
40984,Boys,Apparel,Topwear,Tshirts,White,Summer,2012,Casual,Gini and Jony Boys United White T-shirt
3355,Men,Apparel,Topwear,Tshirts,Black,Summer,2011,Casual,Myntra Men's Need for speed Black T-shirt
24052,Men,Apparel,Topwear,Tshirts,Blue,Fall,2011,Casual,Locomotive Men Printed Blue T-shirt
39987,Men,Footwear,Shoes,Casual Shoes,Blue,Spring,2013,Casual,Gas Men Europa Blue Shoes
21382,Men,Apparel,Bottomwear,Shorts,White,Fall,2011,Casual,Manchester United Men Solid White Shorts
36335,Men,Accessories,Socks,Socks,White,Summer,2016,Casual,Playboy Men White and Red Socks
55031,Women,Personal Care,Lips,Lipstick,Purple,Spring,2017,Casual,Lakme Absolute Matte Pure Glam Lipstick 201
25174,Women,Accessories,Bags,Handbags,Brown,Winter,2015,Casual,Lino Perros Women Leatherette Brown Handbag
17279,Men,Apparel,Topwear,Tshirts,Navy Blue,Fall,2011,Casual,U.S. Polo Assn. Men Printed Navy Blue Tshirt
40946,Girls,Apparel,Topwear,Tops,Navy Blue,Summer,2012,Casual,Gini and Jony Girls Nautical Blues Navy Blue Top
41438,Men,Footwear,Shoes,Sports Shoes,White,Fall,2012,Casual,Lee Cooper Men White Sports Shoes
42878,Women,Accessories,Bags,Clutches,Maroon,Summer,2012,Casual,NA
3397,Women,Accessories,Bags,Handbags,Green,Winter,2015,Casual,Murcia Women Green Handbag
55803,Women,Apparel,Loungewear and Nightwear,Night suits,Purple,Summer,2017,Casual,SDL by Sweet Dreams Women Purple Printed Night Suit S11-3127
56488,Women,Personal Care,Nails,Nail Polish,White,Spring,2017,Casual,Streetwear Barbie Pink Nail Polish 40
29929,Men,Accessories,Watches,Watches,Copper,Winter,2016,Casual,Police Men Copper-Toned Dial Watch PL12895JS
43992,Women,Personal Care,Fragrance,Perfume and Body Mist,Pink,Spring,2017,Casual,Police Women Passion Eau De Toilette Natural Spray
16969,Men,Footwear,Sandal,Sandals,Black,Fall,2011,Casual,Puma Men Coupe Black Sandal
55000,Women,Personal Care,Lips,Lip Gloss,Pink,Spring,2017,NA,Lakme Absolute Liplast Day Rose Lip Gloss
16367,Men,Apparel,Topwear,Shirts,Blue,Fall,2011,Formal,Peter England Men Check Blue Shirt
15724,Men,Footwear,Shoes,Sports Shoes,Grey,Fall,2011,Sports,Nike Men Free Run+ 2 Shield Grey Sports Shoes
12733,Women,Accessories,Bags,Handbags,Pink,Fall,2011,Sports,Nike Women Pinkaland Pink Handbags
56027,Women,Personal Care,Lips,Lipstick,Brown,Spring,2017,Casual,Colorbar Soft Touch Brazil Nut Lipstick 024
28058,Men,Apparel,Innerwear,Briefs,Grey Melange,Summer,2016,Casual,Jockey ELANCE Men Pack Of 2 Grey Briefs 1010
3566,Men,Footwear,Shoes,Sports Shoes,White,Summer,2011,Sports,ADIDAS Men's White Silver Running Shoe
21313,Women,Accessories,Eyewear,Sunglasses,Black,Winter,2016,Casual,Celine Dion Women Black Frame Sunglasses
8377,Men,Accessories,Bags,Backpacks,Navy Blue,Winter,2016,Casual,Fastrack Men Navy Blue Backpack
44589,Men,Accessories,Belts,Belts,Black,Summer,2012,Formal,Van Heusen Men Black and Brown Reversible Belt
48720,Women,Accessories,Jewellery,Earrings,Silver,Summer,2013,Casual,Lucera Women Silver Earrings
15313,Men,Footwear,Shoes,Sports Shoes,White,Fall,2011,Sports,ADIDAS Men Aerostar White Sports Shoes
34400,Men,Apparel,Topwear,Tshirts,Black,Summer,2012,Casual,Myntra Men Planet Earth Black T-shirt
31172,Girls,Apparel,Topwear,Tops,Peach,Summer,2012,Casual,Gini and Jony Girls Peach Top
8941,Men,Apparel,Topwear,Shirts,Blue,Fall,2011,Casual,Indigo Nation Men Reversible Bling Blue Shirts
54976,Women,Apparel,Dress,Dresses,Pink,Summer,2012,Casual,Femella Women Pink Dress
45031,Men,Accessories,Watches,Watches,White,Winter,2016,Casual,Maxima Men White Watch
46486,Men,Accessories,Watches,Watches,Black,Winter,2016,Casual,Timex Men Black Dial Chronograph Watch
48178,Women,Accessories,Bags,Handbags,Teal,Winter,2016,Casual,Fossil Women Teal Handbag
40315,Unisex,Footwear,Shoes,Sports Shoes,White,Summer,2012,Casual,ADIDAS Unisex White Shoes
10465,Men,Apparel,Topwear,Tshirts,Purple,Fall,2011,Casual,Flying Machine Men Paisley Purple Tshirts
43564,Women,Accessories,Socks,Socks,Pink,Summer,2012,Casual,Puma Women Pack of 3 Socks
57164,Women,Apparel,Topwear,Tshirts,Black,Summer,2012,Casual,Elle Women Black T-shirt
40785,Men,Footwear,Flip Flops,Flip Flops,White,Summer,2012,Casual,Quiksilver Men White Flip Flops
15914,Men,Apparel,Topwear,Shirts,Grey,Fall,2011,Formal,Black Coffee Men Striped Grey Slim Fit Shirt
59663,Women,Apparel,Saree,Sarees,Green,Fall,2012,Ethnic,FNF Green Printed Evening Wear Sari
11118,Men,Apparel,Topwear,Shirts,White,Fall,2011,Formal,Indigo Nation Men Solid White Shirts
54188,Men,Apparel,Innerwear,Briefs,Blue,Summer,2016,Casual,Jockey MC Men Blue Pack of 2 Briefs 8003
13213,Women,Footwear,Shoes,Sports Shoes,White,Spring,2012,Sports,ASICS Women Gel Cumulus Running White Sports Shoes
23472,Men,Accessories,Scarves,Scarves,Purple,Winter,2015,Casual,Lino Perros Men Purple Scarf
17647,Men,Footwear,Flip Flops,Flip Flops,Red,Spring,2013,Casual,Converse Men Red Flip Flops
32356,Men,Accessories,Watches,Watches,Beige,Winter,2016,Casual,Q&Q Men Beige Dial Watch
15746,Men,Footwear,Shoes,Sports Shoes,White,Spring,2013,Sports,Nike Men Ballista II White Sports Shoes
37416,Women,Accessories,Bags,Handbags,White,Summer,2012,Casual,Murcia Women White Handbag
10805,Men,Apparel,Topwear,Shirts,Black,Fall,2011,Casual,Wrangler Men Rider Solid Black Shirts
1836,Men,Footwear,Shoes,Sports Shoes,Silver,Fall,2010,Sports,Nike Air Visi Sleek Shoes
27359,Men,Apparel,Topwear,Tshirts,Black,Fall,2011,Casual,Tantra Men After The Fight Black T-shirt
45376,Women,Footwear,Shoes,Heels,Brown,Summer,2016,Casual,Cobblerz Women Brown Sandals
31693,Men,Footwear,Shoes,Formal Shoes,Brown,Summer,2012,Formal,Ganuchi Men Brown Shoes
6534,Women,Apparel,Topwear,Tshirts,Blue,Summer,2011,Sports,Nike Women's Border Blue T-shirt
28578,Men,Accessories,Watches,Watches,Black,Winter,2016,Casual,ADIDAS Originals Men Black Dial Chronograph Watch ADH2637
50462,Men,Apparel,Innerwear,Briefs,Blue,Summer,2016,Casual,Chromozome Men Blue & Green Briefs
4297,Men,Apparel,Topwear,Tshirts,Black,Summer,2011,Casual,Tantra Men's Jim Morrison Black T-shirt
14940,Men,Apparel,Bottomwear,Shorts,Black,Fall,2011,Casual,Status Quo Men Solid Black Shorts
43871,Men,Footwear,Shoes,Casual Shoes,White,Summer,2012,Casual,Puma Men White Driving Power Lo Shoes
4855,Unisex,Footwear,Shoes,Casual Shoes,Pink,Summer,2012,Casual,Newfeel Unisex Pink Grey Shoes
47419,Women,Accessories,Bags,Handbags,Black,Fall,2012,Casual,Baggit Women Black Handbag
6168,Men,Apparel,Topwear,Tshirts,Red,Summer,2011,Casual,Lee Men's Guns Cardinal T-shirt
31660,Men,Apparel,Topwear,Shirts,Black,Summer,2012,Casual,Indigo Nation Men Printed Black Shirt
43072,Unisex,Accessories,Headwear,Caps,Black,Summer,2012,Casual,Nike Unisex Black Cap
31452,Men,Apparel,Topwear,Tshirts,Grey,Summer,2012,Sports,Nike Men Compression Grey T-shirt
14527,Men,Apparel,Topwear,Shirts,Brown,Fall,2011,Formal,Mark Taylor Men Light Brown & White Striped Shirt
46509,Men,Accessories,Watches,Watches,Black,Winter,2016,Casual,Timex Men Black Dial Chronograph Watch
28576,Men,Accessories,Watches,Watches,Green,Winter,2016,Casual,ADIDAS Originals Men Green Dial Chronograph Watch ADH2619
15098,Women,Apparel,Topwear,Kurtas,Brown,Fall,2011,Ethnic,Mother Earth Women Shilpi Fabric Collt Brown Kurtas
3048,Men,Apparel,Topwear,Tshirts,White,Summer,2011,Casual,Tantra Men's Rupee White T-shirt
32685,Women,Accessories,Bags,Clutches,Gold,Fall,2012,Party,Rocia Women Gold Coloured Clutch
35692,Men,Footwear,Shoes,Casual Shoes,White,Summer,2012,Casual,U.S. Polo Assn. Men White Shoes
25858,Unisex,Accessories,Bags,Laptop Bag,Grey,Winter,2015,Casual,American Tourister Unisex Grey Laptop Bag
25064,Men,Accessories,Accessories,Accessory Gift Set,Brown,Winter,2015,Formal,Lino Perros Men Formal Brown Accessory Gift Set
12420,Men,Footwear,Shoes,Casual Shoes,Black,Fall,2011,Casual,Timberland Men Casual Black Casual Shoes
19494,Men,Accessories,Socks,Socks,White,Summer,2011,Sports,Puma Men Sports Pack of 3 Socks
55119,Women,Personal Care,Beauty Accessories,Beauty Accessory,Burgundy,Spring,2017,Casual,Lakme Dual Sharpener
9778,Men,Apparel,Topwear,Tshirts,White,Fall,2011,Casual,ADIDAS Men  White Polo Tshirts
25097,Men,Accessories,Wallets,Wallets,Black,Winter,2015,Casual,Lino Perros Men Leather Black Wallet
22246,Men,Footwear,Shoes,Casual Shoes,Green,Summer,2011,Casual,ID Men Green Casual Shoe
39468,Women,Apparel,Topwear,Kurtis,Pink,Summer,2012,Ethnic,Diva Women Pink Kurti
38788,Men,Footwear,Sandal,Sandals,Olive,Summer,2016,Casual,Woodland Men Olive Sandals
55516,Women,Personal Care,Hair,Hair Colour,Brown,Spring,2017,Casual,Revlon Top Speed 60 Natural Brown Ammonia-Free Hair Colour
9377,Unisex,Accessories,Socks,Socks,Brown,Fall,2011,Casual,Puma Unisex FTPA Brown Socks
7817,Men,Apparel,Topwear,Tshirts,Purple,Fall,2011,Casual,Proline Men Purple Striped Polo T-shirt
31430,Men,Apparel,Bottomwear,Trousers,Grey,Summer,2012,Casual,HIghlander Men Grey Trousers
33367,Women,Accessories,Bags,Clutches,Black,Summer,2012,Casual,Baggit Women Hero Brush Black Clutch
57622,Men,Personal Care,Skin Care,Sunscreen,White,Spring,2017,NA,Lotus Herbals Safe Sun Sunscreen for Men
51348,Men,Accessories,Socks,Socks,Grey,Summer,2016,Casual,Raymond Men Grey & Black Socks
32870,Unisex,Accessories,Bags,Backpacks,Red,Summer,2015,Casual,Wildcraft Unisex Red & Grey Backpack
24544,Women,Apparel,Topwear,Tops,Red,Fall,2011,Ethnic,Mother Earth Women Red Printed Top
41785,Women,Apparel,Topwear,Tops,Purple,Summer,2012,Casual,Remanika Women Purple Top
38786,Men,Footwear,Sandal,Sandals,Brown,Winter,2015,Casual,Woodland Men Brown Sandals
19095,Women,Apparel,Topwear,Kurtas,Orange,Fall,2011,Ethnic,Mother Earth Women Printed Orange Kurta
49381,Men,Footwear,Shoes,Casual Shoes,Navy Blue,Summer,2012,Casual,Vans Men Navy Blue Versa Casual Shoes
10312,Women,Accessories,Watches,Watches,Silver,Winter,2016,Casual,Esprit Women Spark Black White Silver Watches
1577,Unisex,Accessories,Headwear,Caps,Green,Fall,2010,Sports,Inesis  Slim Shady Cap
15036,Women,Apparel,Topwear,Sweaters,Blue,Fall,2011,Casual,ADIDAS Women Stripes Blue Sweaters
6938,Men,Apparel,Topwear,Tshirts,Red,Summer,2011,Casual,s.Oliver Men's Denim Dstrct Red T-shirt
26684,Men,Footwear,Shoes,Casual Shoes,Black,Summer,2012,Casual,Puma Men Graphic Black & White Shoes
46553,Men,Accessories,Watches,Watches,Orange,Winter,2016,Casual,Timex Men Orange Dial Watch
28183,Men,Accessories,Eyewear,Sunglasses,Gold,Winter,2016,Casual,Ray-Ban Men Aviator Gold Sunglasses
47429,Women,Accessories,Bags,Handbags,Purple,Summer,2012,Casual,Baggit Women Purple Bag
20983,Unisex,Accessories,Belts,Belts,Black,Winter,2016,Casual,Fastrack Unisex Leatherette Black Belt
4608,Unisex,Accessories,Bags,Backpacks,Red,Winter,2015,Casual,Wildcraft Wiki 4 Unisex Red Backpack
45983,Women,Apparel,Topwear,Tops,Blue,Summer,2012,Casual,Tokyo Talkies Women Blue Printed Top
43846,Women,Accessories,Jewellery,Earrings,Gold,Summer,2012,Ethnic,Royal Diadem Purple Earrings
17361,Men,Accessories,Accessories,Accessory Gift Set,Purple,Fall,2011,Formal,Arrow Men Formal Purple Tie+Cufflink+Pocket square - Combo Pack
24527,Men,Apparel,Topwear,Shirts,Olive,Fall,2011,Casual,Mother Earth Men Olive Shirt
7046,Men,Footwear,Shoes,Casual Shoes,Beige,Summer,2011,Casual,Numero Uno Men's Beige Shoe
36472,Women,Apparel,Topwear,Kurtas,Green,Summer,2012,Ethnic,Aurelia Women Dobby Green Kurta
24976,Women,Apparel,Topwear,Tops,Peach,Summer,2012,Casual,United Colors of Benetton Women Peach Top
3629,Unisex,Footwear,Flip Flops,Flip Flops,White,Summer,2011,Casual,Puma Unisex Tropi Cat Graphic White Yellow Flip Flop
6169,Women,Footwear,Flip Flops,Flip Flops,Blue,Summer,2011,Casual,ADIDAS Women's Printed Upper Blue Flip Flop
55915,Women,Personal Care,Nails,Nail Polish,Silver,Spring,2017,Casual,Colorbar Steel Etto Nail Lacquer 64
21407,Men,Apparel,Topwear,Tshirts,White,Fall,2011,Casual,Locomotive Men Printed White T-shirt
45384,Women,Footwear,Shoes,Flats,White,Winter,2012,Casual,Rocia Women White & Silver Sandals
58609,Women,Accessories,Jewellery,Earrings,Gold,Winter,2016,Casual,ToniQ Women Gold Earrings
46539,Men,Accessories,Watches,Watches,Black,Winter,2016,Smart Casual,Timex Men Black Dial Watch
2398,Men,Footwear,Shoes,Casual Shoes,Black,Winter,2018,Casual,Red Tape Men's Semi Black Casual Shoe
16420,Men,Apparel,Topwear,Tshirts,White,Fall,2011,Casual,Levi's Men Stripes White Tshirts
6707,Men,Apparel,Topwear,Tshirts,Navy Blue,Summer,2011,Casual,UCB Men's Striper Basic Navy Pink T-shirt
55145,Women,Personal Care,Nails,Nail Polish,Metallic,Spring,2017,Casual,Lakme True Wear Metallics Nail Polish 241
44695,Women,Apparel,Topwear,Tunics,Red,Fall,2012,Casual,Wills Lifestyle Women Pink & Blue Striped Lina Tunic
2936,Women,Apparel,Topwear,Tshirts,Maroon,Fall,2010,Casual,DUSG Women's Red Polo T-shirt
20129,Women,Apparel,Topwear,Shirts,Purple,Fall,2011,Casual,Wrangler Women Belted Purple Shirt
52509,Women,Apparel,Loungewear and Nightwear,Bath Robe,Pink,Winter,2015,NA,Red Rose Pink Striped Bath Robe
23758,Men,Accessories,Eyewear,Sunglasses,White,Winter,2016,Casual,Oakley Men White Fast Jacket Sunglasses
17935,Men,Apparel,Topwear,Tshirts,Black,Fall,2011,Sports,Puma Men Training Tee Black Tshirt
23932,Men,Footwear,Shoes,Sports Shoes,White,Summer,2011,Sports,Lotto Men White Advantage  Sports Shoes
35437,Girls,Apparel,Bottomwear,Shorts,Black,Summer,2012,Casual,Doodle Girls Washed Black Shorts
27750,Men,Accessories,Wallets,Wallets,Brown,Winter,2015,Casual,Bulchee Men Dark Brown Wallet
16017,Men,Accessories,Scarves,Scarves,Black,Fall,2011,Casual,Turtle Check Men Black Scarf
44666,Women,Apparel,Bottomwear,Trousers,Brown,Summer,2012,Casual,Wills Lifestyle Women Brown Trousers
31063,Women,Apparel,Topwear,Dupatta,Pink,Summer,2012,Ethnic,Fabindia Women Pink Silk Dupatta
43671,Women,Apparel,Topwear,Waistcoat,Pink,Summer,2012,Casual,ONLY Women Pink Waistcoat
9949,Men,Apparel,Topwear,Tshirts,Blue,Fall,2011,Sports,ADIDAS Men Blue CFC Jersey
38317,Men,Accessories,Wallets,Wallets,Black,Summer,2012,Casual,Puma Men Black Big Cat Wallet
56368,Men,Personal Care,Fragrance,Perfume and Body Mist,Grey,Spring,2017,Casual,Police Men Original Eau De Toilette Natural Spray
37199,Boys,Apparel,Bottomwear,Shorts,Blue,Summer,2012,Casual,United Colors of Benetton Boys Check Blue Shorts
55519,Unisex,Personal Care,Hair,Hair Colour,Black,Spring,2017,Casual,Revlon Unisex Top Speed Brownish Black Hair Colour 68
46932,Men,Personal Care,Fragrance,Perfume and Body Mist,Brown,Spring,2017,Casual,York Men Gold Aqua Perfume
14915,Men,Apparel,Topwear,Tshirts,Blue,Fall,2011,Casual,Mr. Men Men Mr.Silly Royal Blue Tshirts
6550,Unisex,Accessories,Bags,Backpacks,Grey,Summer,2011,Casual,Nike Unisex Grey Fundamen Backpack
7220,Men,Footwear,Shoes,Formal Shoes,Brown,Fall,2011,Formal,Rockport Men's Mubleno Distressed Brown Shoe
25667,Men,Accessories,Watches,Watches,Silver,Winter,2016,Casual,Fastrack Men Silver Casual Watch
3479,Men,Apparel,Topwear,Tshirts,Black,Fall,2010,Sports,ADIDAS Men's Black Graphic T-shirt
19290,Women,Accessories,Watches,Watches,White,Winter,2016,Casual,Guess Women Quilty White Watch
48432,Men,Apparel,Topwear,Tshirts,Grey Melange,Summer,2012,Casual,French Connection Men Grey Printed T-shirt
29405,Men,Apparel,Bottomwear,Trousers,Charcoal,Summer,2012,Formal,Genesis Men Charcoal Trousers
49514,Men,Accessories,Watches,Watches,Black,Winter,2016,Casual,Police Men Black Dial Watch PL12895JS-02M
27759,Men,Accessories,Wallets,Wallets,Brown,Winter,2015,Casual,Bulchee Men Brown Wallet
46564,Men,Accessories,Watches,Watches,Olive,Winter,2016,Casual,Timex Men Olive Watch
57240,Women,Accessories,Bags,Handbags,Black,Summer,2012,Casual,Murcia Women Black Handbag
1918,Unisex,Accessories,Bags,Backpacks,Blue,Fall,2010,Sports,Domyos 300 Blue Bag
49721,Men,Accessories,Ties,Ties,Maroon,Summer,2012,Casual,Park Avenue Men Maroon Tie
43815,Women,Accessories,Jewellery,Earrings,Gold,Summer,2012,Ethnic,Royal Diadem Turquoise Earrings
23138,Men,Apparel,Topwear,Sweatshirts,Blue,Fall,2011,Casual,Quechua Men  Fleece Blue Sweatshirt
50892,Women,Apparel,Saree,Sarees,Maroon,Fall,2012,Ethnic,Prafful Red & Green Printed Sari
34159,Girls,Apparel,Topwear,Tops,White,Summer,2012,Casual,Gini and Jony Girls Printed White Top
36058,Unisex,Accessories,Bags,Messenger Bag,Blue,Summer,2012,Casual,OTLS Unisex Blue Messenger Bag
31887,Women,Accessories,Stoles,Stoles,Blue,Summer,2012,Ethnic,Fabindia Women Chanderi Blue Stole
17921,Men,Apparel,Topwear,Tshirts,Blue,Fall,2011,Sports,Nike Men Cricket Blue Jersey
45906,Men,Accessories,Watches,Watches,Black,Winter,2016,Casual,Maxima Men Black Dial Watch
13320,Men,Apparel,Topwear,Shirts,Pink,Fall,2011,Casual,Gini and Jony Kids Boys Stripes Pink Shirts
41307,Girls,Apparel,Topwear,Tops,Black,Summer,2012,Casual,Gini and Jony Girls Black Top
20102,Women,Apparel,Topwear,Kurtas,Green,Fall,2011,Ethnic,Diva Women Printed Green Kurta
41551,Men,Footwear,Shoes,Casual Shoes,Coffee Brown,Spring,2013,Casual,Carlton London Men Brown Casual Shoes
43034,Men,Apparel,Topwear,Shirts,Blue,Summer,2012,Casual,Scullers Men Blue Solid Shirt
54083,Women,Apparel,Topwear,Kurtis,Teal,Summer,2012,Ethnic,Mumbai Slang Women Teal Kurti
1596,Men,Accessories,Water Bottle,Water Bottle,Pink,Fall,2010,Sports,Quechua Easy-to-Carry Pink Sipper
4010,Unisex,Sporting Goods,Sports Equipment,Basketballs,Brown,Summer,2011,Sports,Spalding 150 SZ Brown Basketball
15216,Women,Accessories,Bags,Handbags,Grey,Summer,2011,Casual,United Colors of Benetton Grey  Handbag
47231,Men,Footwear,Sandal,Sandals,Black,Summer,2012,Casual,Franco Leone Men Black Slippers
2784,Men,Apparel,Topwear,Tshirts,Blue,Summer,2011,Casual,Ediots Men's Bajau Kya Radio Turquoise T-shirt
42115,Men,Apparel,Bottomwear,Shorts,Black,Fall,2013,Casual,ADIDAS Men Black Shorts
38758,Unisex,Accessories,Bags,Backpacks,Blue,Summer,2012,Casual,Nike Unisex Blue Football France Striker Backpack
19883,Men,Accessories,Headwear,Caps,Black,Fall,2011,Casual,ADIDAS Originals Men St Truck Black Cap
13571,Men,Apparel,Innerwear,Innerwear Vests,Red,Summer,2016,Casual,Hanes Men Racer Back Red Innerwear Vests
34353,Men,Apparel,Topwear,Tshirts,Blue,Summer,2012,Casual,Myntra Men Blue Diet Extreme T-shirt
57896,Women,Apparel,Bottomwear,Shorts,Off White,Summer,2012,Casual,Femella Women Off White Shorts
21688,Women,Accessories,Watches,Watches,Silver,Summer,2016,Casual,Fossil Women Silver-Toned Dial Watch ES1869
52183,Women,Accessories,Jewellery,Earrings,Silver,Fall,2012,Casual,Lencia Sterling Silver Earrings
38138,Unisex,Accessories,Bags,Backpacks,Pink,Summer,2015,Casual,Wildcraft Unisex Pink & Grey Backpack
29876,Men,Accessories,Eyewear,Sunglasses,Metallic,Winter,2016,Casual,Mayhem Men Rectangular Sunglasses 1021-205d
12237,Men,Apparel,Topwear,Shirts,Red,Fall,2011,Formal,Genesis Men Red Gingham Shirt
5751,Women,Apparel,Topwear,Tshirts,Green,Summer,2011,Casual,Jealous 21 Women's Green Angel T-shirt
44220,Men,Apparel,Topwear,Tshirts,Navy Blue,Summer,2012,Casual,Nike Men Navy Blue Iniesta Football T-shirt
55158,Women,Personal Care,Nails,Nail Polish,Red,Spring,2017,Casual,Lakme True Wear Classics Siren Red Nail Polish 404
25821,Women,Apparel,Topwear,Kurtas,White,Summer,2012,Ethnic,Diva Women White Printed Kurta
35049,Women,Apparel,Bottomwear,Patiala,White,Fall,2012,Ethnic,Fabindia Women White Printed Patiala
54628,Men,Accessories,Watches,Watches,Black,Winter,2016,Casual,Fastrack Men Silver Dial Watch
44829,Men,Apparel,Topwear,Tshirts,White,Summer,2012,Casual,Puma Men White Graphic T-shirt
56386,Women,Personal Care,Fragrance,Perfume and Body Mist,Blue,Spring,2017,Casual,Estee Lauder Women Pure White Linen 100 ml Perfume
16456,Men,Apparel,Topwear,Shirts,Blue,Fall,2011,Casual,Locomotive Men Check Blue Shirt
32637,Women,Apparel,Bottomwear,Capris,Blue,Summer,2012,Sports,Nike Women Legend Tight Blue Capris
25680,Women,Accessories,Watches,Watches,Purple,Winter,2016,Casual,Fastrack Women Purple Casual Watch
26237,Men,Apparel,Topwear,Tshirts,Orange,Summer,2012,Casual,Proline Men Orange Printed T-shirt
20160,Men,Apparel,Topwear,Shirts,Grey,Fall,2011,Casual,Wrangler Men Dirt Rider Grey Shirt
43432,Women,Apparel,Topwear,Tunics,Mustard,Summer,2012,Casual,Global Desi Women Mustard Tunic
55557,Women,Personal Care,Makeup,Kajal and Eyeliner,Blue,Spring,2017,Casual,Revlon ColorStay Bingo Blue Liquid Eye Liner
5530,Men,Footwear,Flip Flops,Flip Flops,Black,Summer,2011,Casual,Reebok Men's Casual Black Slipper
29019,Men,Apparel,Topwear,Tshirts,Navy Blue,Summer,2012,Casual,ADIDAS Men Color Block Navy Blue T-shirt
38359,Men,Accessories,Wallets,Wallets,Black,Summer,2012,Casual,Peter England Men Black Wallet
50228,Women,Accessories,Belts,Belts,Black,Summer,2012,Casual,Stoln Women Black Belt
7856,Men,Apparel,Topwear,Tshirts,Teal,Fall,2011,Casual,Proline Men Teal Blue Striped Polo T-shirt
5957,Men,Apparel,Topwear,Shirts,Grey,Summer,2011,Casual,Locomotive Men Grey Checked Shirt
28564,Men,Apparel,Topwear,Tshirts,Black,Summer,2012,Casual,Nike Men Air Bags Black T-shirt
9104,Men,Footwear,Shoes,Casual Shoes,White,Fall,2011,Casual,Puma Men Tergament White White Casual Shoes
6722,Men,Apparel,Topwear,Tshirts,Black,Summer,2011,Casual,Locomotive Men's Fateeion Black Blue T-shirt
24365,Women,Apparel,Topwear,Kurtas,Maroon,Fall,2011,Ethnic,Folklore Women Maroon  Kurta
9103,Men,Footwear,Flip Flops,Flip Flops,Tan,Fall,2011,Casual,Provogue Men Ean Tan Flip Flops
48016,Men,Accessories,Watches,Watches,Silver,Winter,2016,Casual,Helix Men Silver Dial Watch
22891,Men,Footwear,Sandal,Sandals,Brown,Summer,2012,Casual,Woodland Men Brown Casual Sandals
34900,Women,Apparel,Topwear,Dupatta,Green,Summer,2012,Ethnic,Fabindia Women Printed Green Dupatta
7851,Men,Apparel,Topwear,Tshirts,Blue,Fall,2011,Casual,Proline Men Blue & White Striped Polo T-shirt
16291,Men,Apparel,Topwear,Tshirts,Blue,Fall,2011,Casual,Peter England Men Stripes Blue Polo T-Shirt
30561,Men,Accessories,Eyewear,Sunglasses,Steel,Winter,2016,Casual,Opium Men Aviator Steel Sunglasses
57467,Unisex,Footwear,Shoes,Casual Shoes,Navy Blue,Fall,2012,Casual,Puma Unisex 917 Lo CVS Navy Blue Shoes
5959,Men,Apparel,Topwear,Shirts,Green,Summer,2011,Casual,Locomotive Men Green White Blue Checked Shirt
43067,Men,Apparel,Topwear,Tshirts,Peach,Summer,2012,Casual,Nike Men Peach & White Striped T-shirt
7858,Men,Footwear,Shoes,Formal Shoes,Black,Summer,2011,Formal,Provogue Men's Formal Black Shoe
4418,Men,Apparel,Topwear,Tshirts,Grey,Summer,2011,Casual,Wrangler Men's Multicolor Striper Grey Melange T-shirt
8817,Men,Apparel,Topwear,Shirts,White,Fall,2011,Casual,Spykar Men Ranger Solid White Shirts
7251,Men,Footwear,Shoes,Casual Shoes,Brown,Fall,2011,Casual,Rockport Men's Ocean Grove 2 Brown Shoe
28109,Men,Apparel,Innerwear,Trunk,Navy Blue,Summer,2016,Casual,Jockey MODERN CLASSIC Men Navy Blue Trunks 8009
19685,Women,Apparel,Topwear,Tops,Grey,Fall,2011,Casual,United Colors of Benetton Women Printed Grey Top
48027,Women,Accessories,Watches,Watches,Black,Winter,2016,Casual,Helix Women Black Dial Watch
55991,Women,Personal Care,Lips,Lipstick,Brown,Spring,2017,Casual,Colorbar Velvet Matte Bronx Lipstick 40 BR
9707,Men,Footwear,Sandal,Sandals,Brown,Fall,2011,Formal,Hush Puppies Men Walsh Brown Sandals
15817,Men,Apparel,Innerwear,Innerwear Vests,Olive,Summer,2016,Casual,Facit Men Bicep Tee Olive Innerwear Vest
28393,Women,Accessories,Eyewear,Sunglasses,Brown,Winter,2016,Casual,Idee Women Brown Sunglasses
3692,Men,Footwear,Shoes,Sports Shoes,White,Summer,2011,Sports,Lotto Men's Jumper White Red Shoe
57609,Women,Personal Care,Skin Care,Sunscreen,Orange,Spring,2017,NA,Lotus Herbals Safe Sun Collagenshield Sunblock SPF 90
25229,Women,Accessories,Bags,Handbags,Blue,Winter,2015,Casual,Lino Perros Women Leatherette Blue Handbag
16837,Women,Accessories,Eyewear,Sunglasses,Brown,Winter,2016,Casual,Idee Women Funky Eyewear Brown Sunglasses
18733,Women,Apparel,Topwear,Tops,Black,Fall,2011,Casual,Arrow Woman Ann Black Top
21219,Men,Apparel,Topwear,Tshirts,Black,Summer,2012,Casual,Basics Men Black T-shirt
22665,Unisex,Accessories,Bags,Waist Pouch,Green,Winter,2015,Casual,Wildcraft Unisex Gear for Life Green Waist Bag
24592,Women,Apparel,Topwear,Tshirts,Blue,Fall,2011,Casual,Little Miss Women Blue Printed T-shirt
12494,Women,Apparel,Topwear,Tops,Grey,Fall,2011,Casual,United Colors of Benetton Women Short Grey Tops
16206,Men,Apparel,Topwear,Tshirts,Green,Fall,2011,Casual,Puma Men Hazard Green TShirt
6313,Unisex,Footwear,Flip Flops,Flip Flops,Navy Blue,Winter,2011,Casual,Puma Unisex Issac Navy White Flip Flop
43494,Men,Apparel,Topwear,Tshirts,Blue,Summer,2012,Casual,French Connection Men Blue T-shirt
38139,Unisex,Accessories,Bags,Backpacks,Blue,Spring,2013,Casual,Wildcraft Unisex Blue & Grey Forerunner Backpack
4676,Men,Accessories,Bags,Backpacks,Black,Summer,2011,Sports,ADIDAS Men Adipure Black White Backpack
20907,Women,Footwear,Shoes,Heels,Gold,Winter,2015,Casual,Catwalk Women Casual Gold Sandals
44228,Women,Footwear,Shoes,Sports Shoes,White,Summer,2012,Sports,Nike Women Downshifter 4 MSL White Sports Shoes
18395,Men,Apparel,Innerwear,Briefs,White,Summer,2016,Casual,Undercolors of Benetton Men White V-Brief
34997,Women,Apparel,Saree,Sarees,Pink,Summer,2012,Ethnic,Fabindia Pink Hand Printed Sari
39486,Unisex,Accessories,Bags,Backpacks,Black,Summer,2015,Casual,Wildcraft Unisex Black Printed Backpack
24937,Boys,Apparel,Topwear,Tshirts,Navy Blue,Summer,2012,Casual,United Colors of Benetton Kids Boys Navy Blue T-shirt
10568,Men,Apparel,Topwear,Sweaters,Navy Blue,Fall,2011,Casual,Puma Men Knitted Navy Blue Sweater
3657,Men,Footwear,Shoes,Casual Shoes,Red,Summer,2011,Casual,Fila Men Emotion Red Shoe
15217,Men,Accessories,Belts,Belts,Black,Summer,2011,Casual,United Colors of Benetton Solid Belt
19072,Women,Apparel,Topwear,Kurtis,Red,Fall,2011,Ethnic,W Women Small Flower Pattern Red Kurti
59769,Women,Accessories,Jewellery,Jewellery Set,Gold,Winter,2016,Casual,Estelle Women Gold Earring & Pendant Set
4475,Women,Footwear,Shoes,Sports Shoes,Silver,Summer,2011,Sports,Puma Women Cell Exsis Silver Black White Shoe
42583,Boys,Apparel,Topwear,Waistcoat,Navy Blue,Summer,2012,Casual,United Colors of Benetton Boys Navy Blue Waistcoat
24355,Women,Apparel,Topwear,Kurtas,Orange,Fall,2011,Ethnic,Folklore Women Orange Printed Kurta
28598,Men,Footwear,Shoes,Sports Shoes,White,Summer,2012,Sports,Fila Men Calcio White Sports Shoes
41194,Women,Apparel,Topwear,Shirts,Grey,Summer,2012,Casual,Allen Solly Woman Grey Shirt
20157,Men,Apparel,Topwear,Shirts,Green,Fall,2011,Casual,Wrangler Men Festa Bright Green Shirt
33540,Women,Apparel,Topwear,Tops,Red,Summer,2012,Casual,Wrangler Women Maddy Red Top
45998,Women,Apparel,Saree,Sarees,Blue,Summer,2012,Ethnic,Fabindia Blue Self-Striped Saree
51339,Men,Accessories,Socks,Socks,Brown,Summer,2016,Casual,Raymond Men Brown Socks
59530,Women,Accessories,Jewellery,Earrings,Silver,Summer,2013,Casual,Lucera Silver Earrings
38197,Men,Accessories,Eyewear,Sunglasses,Brown,Winter,2016,Casual,Polaroid Men Sunglasses
58240,Women,Accessories,Wallets,Wallets,Black,Summer,2012,Casual,Baggit Women Black Wallet
41731,Women,Footwear,Shoes,Heels,Bronze,Winter,2015,Casual,Catwalk Women Bronze Flats
31210,Women,Footwear,Shoes,Sports Shoes,White,Summer,2012,Sports,Nike Women Air Propel White Sports Shoes
25422,Men,Footwear,Shoes,Sports Shoes,Green,Summer,2012,Sports,Nike Men Air Profusion Green Sports Shoes
13988,Men,Footwear,Shoes,Casual Shoes,Navy Blue,Fall,2011,Casual,Puma Men Future Cat Remix Lo Navy Blue Casual Shoes
45157,Men,Accessories,Watches,Watches,Silver,Winter,2016,Casual,Casio Youth Series Men Silver-Toned Marine Sports Watch MW-600F-7AVDF(A507)
8220,Women,Footwear,Shoes,Sports Shoes,White,Summer,2011,Sports,Nike Women Tennis Classic White Shoe
58075,Women,Accessories,Jewellery,Earrings,Gold,Fall,2012,Casual,Rreverie Golden Earrings
17389,Men,Accessories,Socks,Socks,Red,Summer,2016,Casual,Reid & Taylor Men Solid Red Socks
29472,Men,Accessories,Watches,Watches,Off White,Winter,2016,Casual,GIORDANO Men Off-White Dial Watch 1575-06
38164,Men,Accessories,Eyewear,Sunglasses,White,Winter,2016,Casual,Miami Blues Men Sunglasses
25626,Women,Accessories,Watches,Watches,White,Winter,2016,Casual,Fastrack Women White Casual Watch
2377,Men,Footwear,Shoes,Formal Shoes,Black,Winter,2018,Formal,Red Tape Black Men's Shoe
7605,Women,Footwear,Shoes,Sports Shoes,White,Summer,2011,Sports,Nike Women's Air Dict White Shoe
11245,Women,Apparel,Bottomwear,Churidar,Black,Fall,2011,Ethnic,Urban Yoga Women Solid Black Churidar
21424,Women,Apparel,Topwear,Tops,White,Winter,2012,Casual,Roxy Women White Top
59966,Women,Apparel,Dress,Dresses,Black,Fall,2012,Party,Avirate Black Polka Dot Dress
19225,Men,Accessories,Ties,Ties,Purple,Summer,2011,Formal,United Colors of Benetton Men Check Purple Tie
48225,Men,Accessories,Eyewear,Sunglasses,White,Winter,2016,Casual,United Colors of Benetton Men White Frame Sunglasses
32450,Women,Apparel,Topwear,Tshirts,Black,Summer,2012,Casual,ADIDAS Women Printed Black T-shirt
51330,Unisex,Accessories,Accessories,Travel Accessory,Black,Summer,2010,Casual,Wildcraft Unisex Black Rain Cover for Backpacks
17373,Men,Accessories,Accessories,Accessory Gift Set,Purple,Fall,2011,Formal,Arrow Men Formal Purple Tie+Cufflink+Pocket square - Combo Pack
54828,Women,Accessories,Bags,Handbags,Black,Fall,2012,Casual,Ivory Tag Women Black Houndstooth Sling Bag
56585,Women,Personal Care,Makeup,Highlighter and Blush,Skin,Spring,2017,Casual,Streetwear Crystal Shine Honey Shine Face Brightener
25077,Men,Accessories,Accessories,Accessory Gift Set,Navy Blue,Winter,2015,Formal,Lino Perros Men Formal Navy Blue Accessory Gift Set
40084,Men,Apparel,Bottomwear,Shorts,Navy Blue,Winter,2014,Casual,ADIDAS Men Navy Blue Shorts
8681,Unisex,Accessories,Eyewear,Sunglasses,Blue,Winter,2016,Casual,Fastrack Unisex Sunglasses
45159,Men,Accessories,Watches,Watches,Black,Winter,2016,Casual,CASIO ENTICER Men Black Dial Watch A513 MTD-1068B-1A2VDF
30338,Men,Apparel,Topwear,Tshirts,Red,Summer,2012,Casual,Myntra Men Mogambc Red T-shirt
19222,Men,Accessories,Ties,Ties,Navy Blue,Summer,2011,Formal,United Colors of Benetton Men Striped Navy Blue Tie
34906,Women,Apparel,Topwear,Dupatta,Rust,Summer,2012,Ethnic,Fabindia Rust Kota Dupatta
47115,Boys,Footwear,Sandal,Sandals,Blue,Fall,2012,Casual,Marvel Boys Blue Slippers
3572,Men,Apparel,Topwear,Tshirts,Grey,Summer,2011,Casual,ADIDAS Men's Med Grey Blue T-shirt
54398,Women,Accessories,Bags,Handbags,Blue,Fall,2012,Casual,Baggit Women Royal Blue Handbag
47112,Boys,Footwear,Sandal,Sandals,Red,Spring,2013,Casual,Marvel Boys Red Spiderman Clogs
51413,Men,Apparel,Topwear,Shirts,Green,Summer,2012,Casual,Myntra Men Green Shirt
15551,Men,Accessories,Socks,Socks,White,Fall,2012,Sports,Fila Men White Set Of 3 Socks
33255,Boys,Apparel,Topwear,Tshirts,Green,Summer,2012,Casual,Gini and Jony Boys Printed Green T-shirt
4759,Men,Apparel,Topwear,Tshirts,Blue,Summer,2011,Sports,ADIDAS Men's Star Polo Lead Blue T-shirt
8160,Men,Apparel,Topwear,Shirts,White,Summer,2011,Casual,Highlander Men White Checked Hakon Slim Fit Shirt
51425,Men,Apparel,Topwear,Shirts,Yellow,Summer,2012,Formal,Myntra Men Yellow Shirt
58904,Men,Accessories,Ties,Ties,Grey,Summer,2012,Casual,Hakashi Men Grey & Black Silk Tie
14441,Women,Footwear,Shoes,Heels,White,Summer,2012,Casual,Enroute Women Casual White Flats
27663,Men,Apparel,Topwear,Tshirts,Red,Summer,2012,Casual,Batman Men Red Printed T-shirt
5678,Men,Footwear,Shoes,Casual Shoes,Brown,Winter,2015,Casual,Skechers Men's Slip On Dark Brown Shoe
54953,Men,Apparel,Topwear,Tshirts,Grey,Summer,2012,Casual,Do u speak green Men Printed Grey T-shirt
42836,Women,Accessories,Bags,Clutches,Black,Summer,2012,Casual,French Connection Women Black Croc Clutch
21558,Women,Accessories,Bags,Handbags,Black,Winter,2015,Casual,Kiara Women Front Pocket Black Handbag
27456,Women,Apparel,Innerwear,Bra,White,Winter,2015,Casual,Jockey Women White Full-Coverage Bra 1616
2234,Men,Apparel,Topwear,Tshirts,Black,Fall,2010,Casual,ADIDAS Men Stripe Black T-shirt
7110,Unisex,Accessories,Bags,Backpacks,Navy Blue,Winter,2015,Casual,Wildcraft Unisex Navy Backpack
9628,Men,Apparel,Topwear,Shirts,Blue,Fall,2011,Casual,Indigo Nation Men Plain Shirt Blue Shirts
59885,Women,Apparel,Topwear,Tops,Beige,Fall,2012,Casual,Femella Women Beige Tube Top
50908,Women,Apparel,Saree,Sarees,Navy Blue,Fall,2012,Ethnic,Prafful Navy Blue Crepe Printed Sari
47177,Men,Footwear,Sandal,Sandals,Black,Summer,2012,Casual,Ganuchi Men Black Sandals
3346,Men,Apparel,Topwear,Tshirts,Black,Summer,2011,Casual,Myntra Men's You Are Not My Type Black T-shirt
23264,Men,Accessories,Watches,Watches,Brown,Winter,2016,Casual,Maxima Ssteele Men Brown Dial Watch
14875,Women,Accessories,Umbrellas,Umbrellas,Purple,Summer,2011,Casual,United Colors of Benetton Women Printed Purple Umbrellas
3977,Women,Apparel,Topwear,Tops,Green,Summer,2011,Casual,Jealous 21 Women Green Tunic Mirror Print Top
22389,Men,Apparel,Topwear,Shirts,Blue,Fall,2011,Casual,Mark Taylor Men White & Blue Striped Shirt
15953,Men,Accessories,Ties,Ties,Black,Fall,2011,Formal,Turtle Men Solid Black Ties
56806,Women,Apparel,Topwear,Kurtis,Brown,Summer,2012,Ethnic,Aneri Women Printed Brown Kurti
16184,Men,Footwear,Shoes,Formal Shoes,Brown,Summer,2012,Formal,Enroute Men Leather Brown Formal Shoes
11193,Men,Accessories,Watches,Watches,White,Winter,2016,Casual,Carrera Men Steel dial frame dial White Watches
4500,Men,Footwear,Shoes,Sports Shoes,Brown,Summer,2011,Sports,Lotto Men's Chamonix Brown Black Shoe
41041,Men,Accessories,Watches,Watches,Black,Winter,2016,Casual,Nautica Men Black Dial Chronograph Watch
43716,Women,Accessories,Jewellery,Bangle,Gold,Summer,2012,Casual,Royal Diadem Set of 2 Golden Bangles
17290,Men,Apparel,Topwear,Sweaters,Grey,Fall,2011,Casual,Spykar Men's Solid Sweater
29554,Unisex,Footwear,Shoes,Casual Shoes,Red,Summer,2012,Casual,Vans Unisex Classic Slip-On Red & Black Shoes
25963,Women,Apparel,Topwear,Tunics,Purple,Summer,2012,Casual,Femella Women Purple Tunic
18683,Men,Apparel,Innerwear,Briefs,Blue,Summer,2016,Casual,Hanes Men Navy Blue Premium Bikini Briefs
46094,Men,Footwear,Sandal,Sandals,Grey,Summer,2012,Casual,ADIDAS Men Grey Climacool Cayoosh Sandals
11999,Men,Apparel,Topwear,Shirts,White,Fall,2011,Formal,Mark Taylor Men White Striped Shirt
11151,Men,Accessories,Ties,Ties,Grey,Fall,2011,Formal,Indigo Nation Men Check Grey Ties
58966,Women,Personal Care,Fragrance,Perfume and Body Mist,Pink,Spring,2017,Casual,Colour Me Women Pink Perfume
56239,Men,Apparel,Loungewear and Nightwear,Night suits,Grey,Summer,2016,Casual,SDL by Sweet Dreams Men Grey & Blue Pyjama Set
48599,Women,Accessories,Jewellery,Earrings,Silver,Summer,2012,Casual,Lucera Women Silver Earrings
56665,Men,Footwear,Shoes,Casual Shoes,Brown,Summer,2012,Casual,United Colors of Benetton Men Brown Shoes
51440,Women,Apparel,Topwear,Tops,Cream,Summer,2012,Casual,Myntra Women Blue Printed Top
21353,Women,Accessories,Eyewear,Sunglasses,Red,Winter,2016,Casual,Van Heusen Women Oversized Sunglasses VH163-C3
24621,Men,Accessories,Belts,Belts,Black,Summer,2012,Formal,Belmonte Men Leather Black Belt
27898,Women,Apparel,Topwear,Tops,Black,Summer,2012,Casual,Scullers For Her Women Black Top
35561,Girls,Footwear,Sandal,Sandals,Pink,Summer,2012,Casual,Enroute Teens Pink Sandals
58506,Women,Apparel,Dress,Dresses,Blue,Fall,2012,Casual,Tonga Women Printed Blue Dress
44159,Men,Personal Care,Fragrance,Fragrance Gift Set,Green,Spring,2017,Casual,Carlos Moya Men Fragrances Gift Set
41873,Men,Footwear,Sandal,Sandals,Brown,Summer,2016,Casual,Estd. 1977 Men Brown Sandals
48760,Women,Accessories,Jewellery,Jewellery Set,White,Summer,2012,Casual,Miki Pearl Women Ivory Jewellery Set
32972,Men,Apparel,Topwear,Tshirts,Blue,Summer,2012,Casual,Mr. Men Printed Blue T-shirt
21901,Women,Apparel,Topwear,Kurtas,Blue,Fall,2011,Ethnic,BIBA Women Printed Multi Colour Kurta
11338,Women,Apparel,Topwear,Tops,Black,Fall,2011,Casual,United Colors of Benetton Women Solid Black Tops
33068,Men,Apparel,Bottomwear,Shorts,Grey,Summer,2012,Casual,U.S.Polo Assn. Men Mud Grey Shorts
2038,Men,Apparel,Topwear,Tshirts,Black,Fall,2010,Casual,ADIDAS Mens Stylish Black Polo T-shirt
22787,Men,Apparel,Bottomwear,Jeans,Blue,Fall,2011,Casual,Deni Yo Men Washed Blue Jeans
37255,Men,Footwear,Shoes,Casual Shoes,Green,Summer,2012,Casual,United Colors of Benetton Men Green Shoes
3777,Men,Apparel,Topwear,Tshirts,Pink,Summer,2011,Casual,Status Quo Men's Fushia Polo T-shirt
6661,Men,Footwear,Shoes,Casual Shoes,Black,Summer,2011,Casual,Nike Men's Classic Leather Black Shoe
46494,Men,Accessories,Watches,Watches,Black,Winter,2016,Casual,Timex Men Black Dial Watch
3121,Men,Apparel,Topwear,Tshirts,Green,Summer,2011,Casual,Probase Men's Player Tee Green T-shirt
6453,Men,Footwear,Shoes,Sports Shoes,Black,Summer,2011,Sports,Lotto Men's BasketBall Black Red Shoe
10221,Women,Accessories,Bags,Handbags,Green,Winter,2015,Casual,Murcia Women Emma Green Handbags
26585,Men,Footwear,Shoes,Sports Shoes,Black,Summer,2012,Sports,Puma Men Esito Vulc Cetto Black Sports Shoes
14675,Men,Apparel,Topwear,Shirts,Black,Fall,2011,Casual,Basics Men Printed Black Slim Fit Shirt
20024,Men,Apparel,Topwear,Shirts,Red,Fall,2011,Casual,United Colors of Benetton Men Check Red Shirt
46458,Women,Accessories,Watches,Watches,Brown,Winter,2016,Smart Casual,Timex Women Brown Dial Watch
59020,Women,Footwear,Shoes,Heels,Brown,Winter,2012,Casual,Carlton London Women Brown Heels
47328,Women,Accessories,Bags,Mobile Pouch,Grey,Summer,2012,Casual,Baggit Women Grey Doodle Jhuti Mobile Pouch
54955,Men,Apparel,Topwear,Tshirts,Blue,Summer,2015,Casual,Do U Speak Green Men Blue T-Shirt
5473,Women,Footwear,Shoes,Sports Shoes,Black,Summer,2011,Sports,Nike Women Air Vivus Black Shoe
50730,Men,Footwear,Sandal,Sandals,Black,Winter,2018,Casual,Red Chief Men Black Sandals
57727,Women,Personal Care,Lips,Lip Gloss,Pink,Spring,2017,NA,Lotus Herbals Seduction Cranberry Punch Lip Gloss 30
46467,Men,Accessories,Watches,Watches,Steel,Winter,2016,Casual,Timex Men Silver Dial Watch
51616,Women,Apparel,Bottomwear,Jeggings,Black,Fall,2012,Casual,Kraus Jeans Women Black Jeggings
33296,Men,Apparel,Topwear,Shirts,Navy Blue,Summer,2012,Casual,Arrow Sport Men Check Navy Blue Slim Fit Shirt
10470,Men,Apparel,Topwear,Tshirts,Grey,Fall,2011,Casual,Flying Machine Men Grey Tshirts
9078,Men,Apparel,Bottomwear,Track Pants,Black,Spring,2013,Sports,ADIDAS Men Crkt Col Pant Black Trackpant
31158,Boys,Apparel,Topwear,Tshirts,Yellow,Summer,2012,Casual,Gini and Jony Boys Yellow T-shirt
28623,Men,Apparel,Topwear,Tshirts,Black,Summer,2012,Sports,Nike Men Media Polo Black T-shirt
53148,Women,Footwear,Shoes,Heels,Grey,Winter,2015,Ethnic,Catwalk Women Grey Wedges
10479,Men,Apparel,Topwear,Shirts,Red,Fall,2011,Casual,Flying Machine Men FS Red Shirts
14644,Men,Apparel,Topwear,Shirts,Black,Fall,2011,Casual,Probase Men Classic Black Shirts
36726,Boys,Apparel,Topwear,Tshirts,Black,Summer,2012,Casual,Gini and Jony Boys Polo Black T-Shirt
4597,Unisex,Accessories,Bags,Backpacks,Orange,Winter,2015,Casual,Wildcraft Unisex Orange Printed Backpack
31193,Men,Accessories,Accessories,Accessory Gift Set,Brown,Summer,2015,Casual,Cabarelli Men Accessory Gift Set
11594,Women,Apparel,Topwear,Kurtas,White,Summer,2011,Ethnic,W Women Printed White Kurtas
15306,Men,Footwear,Shoes,Sports Shoes,Black,Fall,2011,Sports,ADIDAS Men Vanquish 5 M Black Sports Shoes
50396,Women,Accessories,Watches,Watches,Silver,Winter,2016,Casual,Miss Sixty Silver Dial Watch
38648,Men,Footwear,Shoes,Casual Shoes,Black,Summer,2012,Casual,Nike Men Black Shoes
21937,Women,Accessories,Bags,Handbags,Black,Winter,2015,Casual,Murcia Women Casual Black Handbag
20449,Women,Accessories,Bags,Handbags,Pink,Winter,2015,Casual,Baggit Women Double Taj Pink Handbag
8150,Men,Apparel,Topwear,Shirts,Grey,Summer,2011,Casual,Highlander Men Grey Checked Hadrian Slim Fit Shirt
18248,Men,Apparel,Topwear,Tshirts,Black,Fall,2011,Casual,Manchester United Men Printed Black Tshirt
21306,Women,Accessories,Eyewear,Sunglasses,Purple,Winter,2016,Casual,Celine Dion Women Purple Frame Sunglasses
12514,Men,Footwear,Shoes,Formal Shoes,Brown,Winter,2018,Formal,Red Tape Men Formal Brown Formal Shoes
40533,Women,Accessories,Watches,Watches,White,Winter,2016,Casual,Titan Women White Dial Watch
27899,Women,Apparel,Topwear,Tops,Purple,Summer,2012,Casual,Scullers For Her Women Purple Top
15193,Men,Apparel,Topwear,Tshirts,Navy Blue,Fall,2011,Casual,Arrow Sport Men Stripes Navy Blue Polo Tshirts
34022,Boys,Apparel,Topwear,Tshirts,Green,Summer,2012,Casual,Palm Tree Boys Printed Green T-shirt
21709,Men,Accessories,Watches,Watches,Black,Winter,2016,Casual,Fossil Men Quartz Black Dial Watch JR1338
12987,Men,Footwear,Shoes,Casual Shoes,Black,Fall,2010,Casual,Fila Men Mountainaire Black Casual Shoe
13435,Men,Apparel,Topwear,Tshirts,Blue,Summer,2011,Casual,United Colors of Benetton Men Stripes Blue Tshirts
33456,Women,Accessories,Bags,Handbags,Green,Summer,2012,Casual,Baggit Women Billuz Roy Green Handbag
22524,Unisex,Footwear,Sandal,Sandals,Grey,Fall,2011,Casual,Crocs Unisex Grey Sandals
32742,Men,Footwear,Shoes,Casual Shoes,Grey,Summer,2013,Casual,Fila Men Calve Grey Shoes
45274,Women,Accessories,Wallets,Wallets,Beige,Summer,2015,Casual,Lino Perros Women Beige Twofold Wallet
43183,Men,Accessories,Watches,Watches,Black,Winter,2016,Casual,Fastrack Men Black Watch
40534,Women,Accessories,Watches,Watches,Silver,Winter,2016,Casual,Titan Women Silver Dial Watch
36329,Men,Footwear,Shoes,Casual Shoes,Purple,Spring,2007,Casual,Newfeel Men Purple Casual Shoes
48130,Women,Accessories,Bags,Handbags,Black,Winter,2016,Casual,Fossil Women Black Handbag
12148,Women,Apparel,Topwear,Kurtis,Blue,Fall,2011,Ethnic,Aurelia Women Blue Kurti
44532,Men,Footwear,Sandal,Sandals,Black,Summer,2012,Casual,Coolers Men Black Sandals
2602,Women,Apparel,Topwear,Tshirts,Purple,Fall,2010,Sports,ADIDAS Women Fiesta Purple T-shirt
16343,Men,Apparel,Topwear,Shirts,Blue,Fall,2011,Formal,Peter England Men Check Blue Shirt
4357,Men,Apparel,Topwear,Tshirts,Green,Summer,2011,Casual,DC Comics Men's Green Lantern T-shirt
47171,Men,Footwear,Sandal,Sandals,Black,Summer,2012,Casual,Ganuchi Men Black Sandals
41629,Men,Apparel,Bottomwear,Trousers,Black,Summer,2012,Formal,Mark Taylor Men Black Trousers
58152,Unisex,Accessories,Headwear,Caps,Navy Blue,Fall,2012,Casual,Puma Unisex Navy Blue Foundation Cap
16986,Women,Footwear,Shoes,Flats,Black,Fall,2011,Casual,Puma Women Miami Black Flip Flops
25996,Women,Personal Care,Fragrance,Perfume and Body Mist,Blue,Spring,2017,Casual,Paris Hilton Fairy Dust Women Perfume
28487,Men,Apparel,Innerwear,Innerwear Vests,Grey,Summer,2016,Casual,Urban Yoga Men Printed Grey Innerwear T-shirt
12728,Men,Apparel,Topwear,Tshirts,Maroon,Fall,2011,Casual,Timberland Men Printed Maroon Tshirts
29109,Women,Accessories,Socks,Socks,Purple,Summer,2012,Casual,Puma Women Pack of 2 Purple Socks
15707,Unisex,Accessories,Socks,Socks,Black,Summer,2012,Sports,Nike Unisex Pack of 3 Black Socks
54105,Women,Footwear,Shoes,Heels,White,Winter,2012,Casual,Rocia Women White Flats
4162,Women,Apparel,Topwear,Tshirts,Green,Summer,2011,Casual,Inkfruit Women's To do List Sea Green T-shirt
34226,Men,Apparel,Topwear,Tshirts,Black,Summer,2012,Casual,Proline Men Black T-shirt
2261,Unisex,Accessories,Bags,Backpacks,Grey,Fall,2010,Casual,Nike Unisex Grey & Black Backpack
7377,Men,Footwear,Shoes,Casual Shoes,Brown,Winter,2018,Casual,Red Tape Men's Brown Casual Shoe
21582,Women,Apparel,Bottomwear,Jeans,Blue,Summer,2011,Casual,United Colors of Benetton Women Washed Blue Jeans
11317,Women,Apparel,Bottomwear,Jeans,Black,Fall,2011,Casual,United Colors of Benetton Women Washed Black Jeans
13440,Men,Apparel,Topwear,Tshirts,Grey,Summer,2011,Casual,United Colors of Benetton Men Printed Grey Tshirts
2028,Men,Apparel,Topwear,Tshirts,Navy Blue,Fall,2010,Casual,ADIDAS Men Classic Navy Blue T-shirt
22338,Men,Apparel,Topwear,Tshirts,Black,Fall,2011,Casual,John Players Men Solid Black Polo T-Shirt
24699,Men,Footwear,Shoes,Sports Shoes,Black,Fall,2011,Sports,Puma Men Cell Tolero Black Sports Shoes
21115,Women,Apparel,Topwear,Tops,Lavender,Fall,2011,Casual,s.Oliver Women Solid Lavender Top
4777,Women,Apparel,Topwear,Tshirts,Blue,Summer,2011,Sports,ADIDAS Women's Flora Blue T-shirt
12105,Women,Apparel,Topwear,Kurtis,White,Fall,2011,Ethnic,W Women Printed White Kurtis
32730,Men,Footwear,Shoes,Sports Shoes,Black,Summer,2012,Sports,FILA Men Skeletoes Black Shoes
36700,Women,Personal Care,Fragrance,Perfume and Body Mist,White,Spring,2017,Casual,Nina Ricci Women Apple Perfume
41460,Men,Footwear,Sandal,Sandals,Black,Summer,2012,Casual,Lee Cooper Men Black & Beige Sandals
52413,Women,Apparel,Loungewear and Nightwear,Nightdress,Black,Winter,2015,Casual,Red Rose Women Black Nightdress
13023,Women,Footwear,Shoes,Heels,Red,Winter,2012,Casual,Inc 5 Women Casual Red Heels
53738,Men,Apparel,Bottomwear,Track Pants,White,Summer,2012,Casual,ADIDAS Men White Track Pant
27827,Men,Accessories,Belts,Belts,Black,Summer,2013,Casual,Bulchee Men Black Leather Belt
49858,Unisex,Accessories,Watches,Watches,Black,Winter,2016,Casual,Q&Q Kids Unisex Black Digital Watch
25328,Men,Accessories,Watches,Watches,Black,Winter,2016,Casual,CASIO Edifice Men Black Dial Chronograph Watch EX030
15918,Unisex,Accessories,Bags,Backpacks,Black,Fall,2011,Casual,ADIDAS Unisex BP Cable Black Backpack
29188,Men,Accessories,Bags,Laptop Bag,Black,Summer,2012,Casual,United Colors of Benetton Men Black Laptop Bag
27476,Women,Apparel,Innerwear,Bra,Black,Winter,2015,Casual,Jockey Essence Black Seamless Bra 2003
33049,Women,Apparel,Topwear,Kurtas,Blue,Summer,2012,Ethnic,Mother Earth Women Printed Blue Kurta
43930,Women,Footwear,Shoes,Heels,Black,Winter,2012,Casual,Catwalk Women Black Heeled Shoes
6481,Men,Apparel,Topwear,Tshirts,Black,Summer,2011,Casual,ADIDAS Men's Polo Black T-shirt
25326,Men,Accessories,Watches,Watches,Black,Winter,2016,Casual,CASIO Edifice Men Black Dial Watch ED423
54513,Men,Footwear,Shoes,Casual Shoes,Brown,Fall,2012,Casual,F Sports Men Brown Rodeo Shoes
38009,Men,Accessories,Watches,Watches,White,Winter,2016,Casual,Q&Q Men White Watch
18267,Women,Apparel,Topwear,Kurtas,Multi,Fall,2011,Ethnic,Aneri Women Navranga Multi Kurta
59293,Men,Accessories,Watches,Watches,White,Winter,2016,Formal,Titan Edge Men White Dial Watch
58187,Women,Accessories,Bags,Handbags,Peach,Summer,2012,Casual,Rocky S Women Peach Handbag
15183,Men,Apparel,Topwear,Sweaters,Blue,Fall,2011,Casual,Arrow Sport Men Check Blue Sweaters
12160,Women,Apparel,Bottomwear,Leggings,Yellow,Fall,2011,Ethnic,Aurelia Women Solid Yellow Leggings
6879,Women,Apparel,Topwear,Tops,Peach,Summer,2011,Casual,Forever New Women Peach Floral Lace Neckline Peach Top
30002,Women,Accessories,Watches,Watches,Gold,Winter,2016,Casual,Aspen Women White Dial Watch
43194,Women,Accessories,Watches,Watches,White,Winter,2016,Casual,Fastrack Women White Dial Watch NA2049SM09
42628,Women,Accessories,Jewellery,Earrings,Gold,Winter,2016,Casual,Estelle Women Earrings
59294,Men,Apparel,Topwear,Shirts,Blue,Fall,2012,Casual,U.S. Polo Assn. Men Blue Shirt
42273,Unisex,Footwear,Shoes,Casual Shoes,White,Summer,2012,Casual,Vans Unisex White Authentic Shoes
54124,Women,Footwear,Shoes,Heels,Black,Winter,2012,Casual,Rocia Women Black Flats
57103,Women,Apparel,Topwear,Tops,Blue,Summer,2012,Casual,Elle Women Blue Top
46627,Women,Personal Care,Fragrance,Deodorant,Orange,Spring,2017,Casual,Rasasi Women Chastity Deo and Perfume Set
45863,Women,Apparel,Topwear,Kurtas,Multi,Summer,2012,Ethnic,Vishudh Women Multi Coloured Kurta
9003,Women,Accessories,Bags,Handbags,Black,Winter,2015,Casual,Murcia Women Tote Black Handbags
29121,Women,Footwear,Shoes,Heels,Silver,Summer,2012,Casual,Puma Women Lily Thong Silver Flats
30201,Unisex,Accessories,Bags,Backpacks,Black,Summer,2012,Casual,Nike Unisex Classic Turf Black Backpack
42621,Women,Accessories,Jewellery,Earrings,Gold,Winter,2016,Casual,Estelle Women Earrings
56013,Women,Personal Care,Lips,Lipstick,Brown,Spring,2017,Casual,Colorbar Soft Touch Rose Quartz Lipstick 043
43397,Men,Accessories,Wallets,Wallets,Black,Summer,2012,Casual,Lino Perros Men Black Wallet
46423,Women,Accessories,Watches,Watches,White,Winter,2016,Casual,Timex Women Pearl White Dial Watch
22502,Women,Footwear,Shoes,Heels,Blue,Winter,2015,Casual,Catwalk  Women Blue Casual Flats
16505,Men,Apparel,Bottomwear,Jeans,Blue,Fall,2011,Casual,Locomotive Men Washed Blue Jeans
46275,Women,Apparel,Topwear,Tunics,Blue,Summer,2012,Casual,109F Women Blue & White Printed Tunic
7956,Men,Apparel,Bottomwear,Shorts,Grey,Fall,2011,Casual,Puma Men's Jersey Grey Short
32338,Women,Accessories,Watches,Watches,Blue,Winter,2016,Casual,Q&Q Women Blue Dial Watch
24296,Men,Accessories,Socks,Socks,Red,Summer,2016,Casual,Quiksilver Men Red Socks
16166,Men,Footwear,Shoes,Formal Shoes,Brown,Fall,2011,Formal,Enroute Men Leather Brown Formal Shoes
15525,Women,Footwear,Shoes,Heels,Black,Fall,2011,Casual,Rockport Women Jeanie Thong Perf Black Flats
48778,Women,Accessories,Jewellery,Pendant,Silver,Summer,2012,Casual,Lucera Women Silver Pendant with Chain
37447,Men,Accessories,Belts,Belts,Black,Summer,2012,Casual,Turtle Men Black Belt
3733,Men,Apparel,Topwear,Tshirts,Purple,Summer,2011,Sports,Kochi Tuskers Mens Fangear Jersey
13013,Women,Footwear,Shoes,Heels,Black,Winter,2012,Casual,Inc 5 Women Casual Black Wedges
57151,Women,Apparel,Innerwear,Camisoles,Peach,Summer,2017,Casual,Elle Women Peach Camisole
17820,Men,Footwear,Sandal,Sandals,Brown,Fall,2011,Casual,Lee Cooper Men  Brown Sandal
42810,Women,Apparel,Innerwear,Briefs,Black,Summer,2012,Casual,Little Miss Intimates Women Black Bikini Brief
33289,Men,Apparel,Topwear,Shirts,White,Summer,2012,Casual,Arrow Sport Men White Slim Fit Shirt
21328,Men,Accessories,Eyewear,Sunglasses,Black,Winter,2016,Casual,Louis Philippe Men Sunglasses LP202-C2
56048,Women,Personal Care,Lips,Lipstick,Maroon,Spring,2017,Casual,Colorbar Rare Truffle Lipstick 03
43132,Men,Personal Care,Fragrance,Perfume and Body Mist,Black,Spring,2017,Casual,David Beckham Men Signature Perfume
49408,Men,Footwear,Shoes,Casual Shoes,Black,Summer,2012,Casual,Vans Men Black Era Shoes
11788,Women,Apparel,Topwear,Kurtas,Multi,Fall,2011,Ethnic,Vishudh Women Multi Coloured Kurta
23820,Unisex,Footwear,Flip Flops,Flip Flops,Black,Fall,2011,Casual,Puma Unisex Black Flip Flops
32952,Men,Footwear,Shoes,Casual Shoes,Black,Summer,2012,Casual,ADIDAS Neo Men Court Sequence Black Shoes
14663,Men,Apparel,Topwear,Shirts,Navy Blue,Fall,2011,Casual,Basics Men Navy Blue Slim Fit Checked Shirt
17644,Unisex,Footwear,Flip Flops,Flip Flops,Green,Summer,2012,Casual,Converse Unisex Casual Green Slipper
26103,Men,Apparel,Topwear,Shirts,Black,Summer,2012,Formal,John Miller Men Striped Black Shirt
41495,Men,Apparel,Topwear,Tshirts,Purple,Summer,2012,Casual,Locomotive Men Purple T-shirt
53150,Women,Footwear,Shoes,Heels,Green,Winter,2015,Casual,Catwalk Women Green Heels
17012,Women,Footwear,Shoes,Flats,Brown,Winter,2012,Casual,Rocia Women Brown Heels
34069,Women,Footwear,Shoes,Flats,Black,Fall,2012,Formal,Clarks Women Black Leather Flat Shoes
6648,Men,Footwear,Shoes,Casual Shoes,White,Summer,2011,Casual,Nike Men's Air 180 White Shoe
4771,Women,Apparel,Topwear,Tshirts,Purple,Summer,2011,Sports,ADIDAS Women's Purple Polo T-shirt
44584,Men,Apparel,Bottomwear,Jeans,Blue,Summer,2017,Casual,Lee Men Blue Brushed Jeans
17471,Women,Apparel,Innerwear,Bra,White,Summer,2017,Casual,Beyouty Women Julia BR 02 White Bra
18439,Unisex,Accessories,Bags,Backpacks,Grey,Fall,2011,Casual,Vital Gear Unisex Grey Bag
23476,Men,Accessories,Scarves,Scarves,Grey,Winter,2015,Casual,Lino Perros Men Grey Check Scarf
13673,Men,Footwear,Shoes,Casual Shoes,Black,Fall,2011,Casual,Puma Men Even Keel Casual Shoes
7564,Men,Apparel,Topwear,Tshirts,Blue,Summer,2011,Sports,Nike Men's Teal Blue Polo T-shirt
24698,Men,Apparel,Topwear,Shirts,White,Fall,2011,Casual,Probase Men White Check Shirt
13826,Men,Apparel,Topwear,Sweaters,Navy Blue,Fall,2011,Casual,Indigo Nation Men Stripes Navy Blue Sweaters
23845,Men,Footwear,Shoes,Sports Shoes,White,Fall,2011,Sports,ADIDAS Men White Sprint Star Sports Shoes
11389,Men,Apparel,Topwear,Tshirts,White,Fall,2011,Casual,United Colors of Benetton Men White T-shirt
17842,Women,Footwear,Shoes,Casual Shoes,Black,Fall,2011,Casual,Nike Women Sweet Classic High Black Casual Shoe
40987,Boys,Apparel,Topwear,Tshirts,Blue,Summer,2012,Casual,Gini and Jony Boys Core Blue T-shirt
38293,Men,Accessories,Wallets,Wallets,Brown,Summer,2012,Casual,Reid & Taylor Men Brown Wallet
46273,Women,Apparel,Topwear,Tunics,Black,Summer,2012,Casual,109F Women Black Embellished Tunic
14630,Women,Apparel,Bottomwear,Skirts,Brown,Fall,2011,Casual,United Colors of Benetton Women Check Brown Skirts
36558,Men,Apparel,Topwear,Tshirts,Navy Blue,Summer,2012,Casual,Jack & Jones Men Note Navy Blue T-shirt
55836,Women,Personal Care,Bath and Body,Nail Essentials,Blue,Spring,2017,Casual,Colorbar Nail Polish Remover
16399,Men,Apparel,Topwear,Shirts,White,Fall,2011,Casual,Levis Men White Striped Shirt
6876,Women,Apparel,Topwear,Jackets,Peach,Summer,2011,Casual,Forever New Women Peach Jacket
27415,Women,Apparel,Bottomwear,Capris,Black,Winter,2015,Casual,Jockey Women Black Relaxed Capris
34230,Men,Apparel,Topwear,Tshirts,Grey,Summer,2013,Casual,Proline Men Grey T-shirt
22731,Men,Footwear,Shoes,Sports Shoes,Brown,Fall,2011,Sports,Nike Men Air Max Conquer ACG Brown Sports Boot
11513,Women,Footwear,Shoes,Heels,Blue,Winter,2015,Casual,Catwalk Women Lifestyle Blue Flats
13244,Men,Apparel,Bottomwear,Shorts,Black,Fall,2011,Casual,Palm Tree Kids Boys Solid Black Shorts
41899,Men,Personal Care,Fragrance,Perfume and Body Mist,Black,Spring,2017,Casual,Playboy Men Ibiza Perfume Buy 1 Get 1 free
15375,Men,Footwear,Shoes,Casual Shoes,Black,Summer,2013,Casual,Fila Men Flow Black Casual Shoes
15523,Women,Footwear,Shoes,Heels,Black,Fall,2011,Casual,Rockport Women Jeanie Thong Chain Black Flats
3351,Men,Apparel,Topwear,Tshirts,White,Summer,2011,Casual,Myntra Men's Black Letter Equals White T-shirt
53104,Women,Accessories,Jewellery,Earrings,Silver,Winter,2016,Casual,Fabindia Silver & Gold Earrings
48121,Women,Accessories,Belts,Belts,Black,Summer,2012,Casual,Fossil Women Black Belt
9662,Men,Apparel,Topwear,Shirts,Blue,Fall,2011,Casual,Indigo Nation Men Reversible Bling Blue Shirts
35911,Women,Accessories,Bags,Handbags,Red,Summer,2012,Casual,Peperone Women Red Handbag
50743,Men,Footwear,Shoes,Casual Shoes,Brown,Winter,2018,Casual,Red Chief Men Brown Shoes
21176,Men,Footwear,Shoes,Sports Shoes,White,Fall,2011,Sports,ADIDAS Men Theodore White Sports Shoe
29575,Men,Footwear,Shoes,Casual Shoes,Charcoal,Summer,2012,Casual,Vans Men Era Charcoal Shoes
19784,Men,Apparel,Topwear,Tshirts,Green,Winter,2016,Casual,U.S. Polo Assn. Men Solid Green Tshirt
8743,Men,Apparel,Topwear,Shirts,Green,Fall,2011,Casual,Indigo Nation Men Checks  Green Shirt
25942,Women,Accessories,Scarves,Scarves,Yellow,Summer,2012,Casual,Femella Women Yellow & Green Scarf
18803,Men,Accessories,Belts,Belts,Brown,Summer,2011,Casual,Peter England Men Casual Brown Belt
50576,Men,Apparel,Innerwear,Trunk,Navy Blue,Summer,2016,Casual,Chromozome Men Pack of Two Trunks
16363,Men,Apparel,Topwear,Shirts,Blue,Fall,2011,Formal,Peter England Men Check Blue Shirt
28834,Women,Apparel,Topwear,Kurtas,Multi,Summer,2012,Ethnic,Biba Women Printed Multi Coloured Kurta
23102,Men,Accessories,Accessories,Accessory Gift Set,Blue,Fall,2011,Formal,Turtle Men Formal Blue Tie Cufflink & Pocket Square Set
23566,Men,Personal Care,Fragrance,Perfume and Body Mist,Blue,Spring,2017,Casual,Boss Men Pure Perfume
3676,Men,Footwear,Shoes,Casual Shoes,White,Summer,2011,Casual,Fila Men's Spanker White Shoe
5581,Girls,Apparel,Bottomwear,Skirts,Pink,Summer,2011,Casual,Ant Kids Girl's Flower Print Frill Pink Kidswear
56151,Women,Personal Care,Makeup,Kajal and Eyeliner,Black,Spring,2017,Casual,Colorbar Kohl Intense Blackened Eye Liner 001
7679,Men,Apparel,Topwear,Tshirts,Black,Fall,2011,Sports,Puma Men's Polo Neck Black T-shirt
49982,Women,Apparel,Innerwear,Briefs,Black,Winter,2015,Casual,Hanes Women Pack of 3 Briefs
36281,Women,Apparel,Loungewear and Nightwear,Night suits,Blue,Summer,2017,Casual,SDL by Sweet Dreams Women Blue Night suits
4202,Boys,Apparel,Topwear,Tshirts,Navy Blue,Summer,2011,Casual,Disney Kids Boy's Navy Crew Sea Life Sialing Kidswear
16216,Men,Apparel,Bottomwear,Track Pants,Grey,Fall,2011,Casual,Puma Men Lifestyle  Grey Track Pant
11033,Women,Apparel,Topwear,Tops,Red,Fall,2011,Casual,Jealous 21 Women Check Red Tops
57070,Women,Apparel,Bottomwear,Jeans,Blue,Summer,2012,Casual,Elle Women Blue Jeans
4692,Unisex,Accessories,Watches,Watches,Green,Winter,2016,Sports,ADIDAS Unisex New York Griffiti Digital Green Watch
44800,Women,Apparel,Topwear,Tops,Purple,Summer,2012,Casual,Spykar Women Purple Top
16482,Men,Apparel,Topwear,Shirts,Blue,Fall,2011,Casual,Locomotive Men Check Blue Shirt
5782,Women,Apparel,Topwear,Tops,Purple,Summer,2011,Casual,Jealous 21 Women Purple Peace Top
44697,Women,Apparel,Topwear,Tops,Red,Fall,2012,Casual,Wills Lifestyle Red & White Checked Top
25466,Men,Footwear,Shoes,Sports Shoes,Black,Summer,2012,Sports,Nike Men Downshifter Black Sports Shoes
50051,Men,Apparel,Innerwear,Innerwear Vests,Black,Summer,2016,Casual,Hanes Men Black Innerwear Vest
46908,Men,Apparel,Bottomwear,Jeans,White,Summer,2012,Casual,Peter England Men White Jeans
6597,Women,Apparel,Topwear,Tops,Green,Summer,2011,Casual,Spykar Women's Round Neck Green Top
29260,Unisex,Footwear,Shoes,Casual Shoes,Blue,Summer,2012,Casual,ADIDAS Unisex Clima Mid Blue Shoes
57079,Women,Apparel,Dress,Jumpsuit,Blue,Summer,2012,Casual,Elle Women Blue Jumpsuit
23796,Women,Footwear,Shoes,Flats,Black,Summer,2011,Casual,Clarks Women Black Leather Ballerinas
13103,Men,Apparel,Topwear,Sweatshirts,Black,Fall,2011,Casual,ADIDAS Men Sf Striped Hood Black Sweatshirts
33504,Women,Apparel,Dress,Dresses,Pink,Summer,2012,Casual,Doodle Kids Girl Printed Pink Dress
56167,Women,Personal Care,Makeup,Kajal and Eyeliner,Black,Summer,2019,Casual,Colorbar Precision Waterproof Eye Liner
3029,Women,Apparel,Topwear,Tshirts,Peach,Summer,2011,Casual,Lee Women Zoe Dark Peach T-shirt
5970,Men,Apparel,Topwear,Shirts,Red,Summer,2011,Casual,Highlander Men Red White Checked Shirts
29657,Men,Apparel,Topwear,Shirts,White,Summer,2012,Casual,Indigo Nation Men Check White Shirt
59712,Women,Apparel,Loungewear and Nightwear,Nightdress,Black,Summer,2012,Casual,Avirate Black Babydoll Nightdress
12618,Men,Apparel,Topwear,Tshirts,Blue,Fall,2011,Casual,Probase Men Stripes Blue Polo T-Shirts
42168,Men,Apparel,Topwear,Tshirts,Blue,Summer,2012,Casual,Status Quo Men Blue T-shirt
10719,Women,Apparel,Bottomwear,Capris,Blue,Fall,2011,Casual,Nike Women Training Blue Capris
2356,Unisex,Sporting Goods,Sports Equipment,Basketballs,Black,Winter,2010,Sports,ADIDAS Black & White Unisex Basketball
46167,Women,Accessories,Jewellery,Necklace and Chains,Beige,Winter,2015,Casual,Adrika Women Beige & Pink Necklace
14140,Men,Accessories,Cufflinks,Cufflinks,Steel,Fall,2011,Formal,Belmonte Men Bright Assorted Steel Cufflinks
38970,Men,Apparel,Topwear,Tshirts,Blue,Summer,2012,Casual,Arrow New York Men Light Blue T-shirt
47273,Men,Apparel,Innerwear,Briefs,Black,Summer,2016,Casual,FCUK Underwear Men Black Brief
3270,Men,Apparel,Topwear,Tshirts,Navy Blue,Summer,2011,Casual,Guerrilla Men's Poison Navy Blue T-shirt
25297,Women,Accessories,Bags,Handbags,Brown,Summer,2012,Casual,Lino Perros Women Sporty Light Brown Handbag
11290,Men,Apparel,Bottomwear,Jeans,Blue,Summer,2016,Casual,Wrangler Men Blue Floyd Fit Jeans
22842,Men,Footwear,Shoes,Casual Shoes,Khaki,Summer,2012,Casual,Woodland Men Khaki Casual Shoes
11638,Men,Accessories,Watches,Watches,Black,Winter,2016,Casual,Puma Men Blockbuster Silver Black Watches
10345,Men,Apparel,Topwear,Tshirts,Black,Fall,2011,Casual,United Colors of Benetton Men Graphic Printed Black Tshirts
30742,Men,Apparel,Topwear,Nehru Jackets,Blue,Summer,2012,Ethnic,Fabindia Men Striped Blue Silk Sleeveless Jacket
56908,Women,Footwear,Shoes,Heels,Blue,Winter,2012,Casual,HM Women Blue Heels
23731,Men,Accessories,Eyewear,Sunglasses,Black,Winter,2016,Casual,Ray-Ban Men High Street Sunglasses
13998,Men,Apparel,Topwear,Sweatshirts,White,Fall,2011,Sports,Nike Men Printed White Sweatshirts
15095,Women,Apparel,Topwear,Kurtas,Purple,Fall,2011,Ethnic,Mother Earth Women Printed Purple Kurtas
18313,Men,Apparel,Topwear,Sweaters,Grey,Spring,2013,Casual,Wills Lifestyle Men Grey Striped Sweater
24945,Girls,Apparel,Topwear,Tops,Green,Summer,2012,Casual,United Colors of Benetton Kids Girls Green Printed Top
24179,Men,Footwear,Flip Flops,Flip Flops,Red,Spring,2012,Casual,Converse Men Ct As Check Box Slipper Red Slippers
27996,Men,Apparel,Innerwear,Briefs,Black,Summer,2016,Casual,Jockey ZONE Men Black Tanga Brief US18
25609,Women,Accessories,Watches,Watches,Black,Winter,2016,Casual,Fastrack Women Black & Grey Dial Watch N2161SL06
53470,Women,Apparel,Innerwear,Bra,Lavender,Summer,2017,Casual,Amante Lavender T-shirt  Bra BCNE11
33753,Women,Apparel,Topwear,Tops,Black,Summer,2012,Casual,Vero Moda Women Black Top
2703,Girls,Apparel,Topwear,Tops,Pink,Summer,2011,Casual,Disney Kids Girl's Check Pink Kidswear
22621,Men,Apparel,Topwear,Tshirts,Black,Fall,2011,Sports,Nike Men Printed Black T-shirt
22873,Men,Footwear,Shoes,Casual Shoes,Khaki,Summer,2012,Casual,Woodland Men Khaki Casual Shoes
6961,Men,Footwear,Shoes,Sports Shoes,White,Summer,2011,Sports,Spalding Men's Running White Blue Shoe
23955,Men,Apparel,Topwear,Shirts,Purple,Fall,2011,Casual,Provogue Men Purple Shirt
50662,Men,Apparel,Loungewear and Nightwear,Lounge Pants,Navy Blue,Summer,2016,Sports,Chromozome Men Navy Blue Lounge Pants
10317,Women,Accessories,Watches,Watches,Silver,Winter,2016,Casual,Esprit Women Purple Silicon Silver Watches
52364,Women,Apparel,Loungewear and Nightwear,Nightdress,Pink,Winter,2015,Casual,Red Rose Women Pink Nightdress
46764,Men,Personal Care,Fragrance,Perfume and Body Mist,Grey,Spring,2017,Casual,Valentino Perfumes Men 30 ml Perfume
7027,Men,Apparel,Topwear,Tshirts,White,Summer,2011,Casual,Classic Polo Men's Combo Pack of 2 White Grey T-shirt
20320,Men,Apparel,Topwear,Shirts,White,Summer,2011,Casual,Mother Earth Men Solid White Shirt
12827,Men,Apparel,Topwear,Shirts,White,Fall,2011,Casual,Spykar Men Check White Shirts
19407,Men,Apparel,Topwear,Tshirts,Black,Fall,2011,Sports,ADIDAS Men Solid Black Jersey
52169,Women,Accessories,Jewellery,Ring,Silver,Fall,2012,Casual,Lencia Sterling Silver Ring
43827,Women,Accessories,Jewellery,Earrings,Gold,Summer,2012,Ethnic,Royal Diadem Maroon Earrings
52397,Women,Apparel,Loungewear and Nightwear,Nightdress,Pink,Winter,2015,Casual,Red Rose Women Pink Nightdress
35433,Girls,Apparel,Dress,Dresses,Blue,Summer,2012,Casual,Doodle Girls Printed Blue Dress
29295,Women,Apparel,Topwear,Tshirts,White,Summer,2012,Casual,Wrangler Women Printed White T-shirt
29261,Men,Footwear,Shoes,Sports Shoes,White,Summer,2012,Sports,ADIDAS Men Mactelo White Sports Shoes
46567,Men,Accessories,Watches,Watches,White,Winter,2016,Casual,Timex Men White Dial Watch
20775,Women,Footwear,Shoes,Heels,Silver,Winter,2012,Casual,Carlton London Women Classy Silver Heels
35061,Men,Accessories,Belts,Belts,Brown,Summer,2012,Casual,Allen Solly Men Leather Brown Belt
14329,Men,Footwear,Shoes,Sports Shoes,Black,Fall,2011,Sports,Nike Men Lunar Swift +3 Black Sports Shoes
34988,Women,Apparel,Saree,Sarees,Navy Blue,Summer,2012,Ethnic,Fabindia H& Printed Navy Blue Cotton Mull Sari
10113,Men,Footwear,Shoes,Sports Shoes,White,Fall,2011,Sports,Reebok Men Run Sheer White Sports Shoes
47210,Men,Footwear,Shoes,Formal Shoes,Brown,Summer,2012,Formal,Franco Leone Men Brown Formal Shoes
17560,Men,Apparel,Topwear,Shirts,Red,Fall,2011,Formal,Mark Taylor Men Red & Blue Striped Shirt
23755,Men,Accessories,Eyewear,Sunglasses,Black,Winter,2016,Casual,Oakley Men Fast Jacket Black Sunglasses
35402,Men,Footwear,Shoes,Casual Shoes,Black,Summer,2010,Casual,Stens by Enroute Men Black Shoes
39835,Girls,Apparel,Topwear,Tops,Peach,Summer,2012,Casual,Gini and Jony Girls Printed Peach Top
30184,Women,Accessories,Bags,Handbags,Pink,Summer,2012,Casual,Nike Women Athletes Rowena Pink Handbag
34524,Men,Footwear,Sandal,Sandals,Brown,Summer,2012,Casual,Red Tape Men Brown Sandals
2335,Men,Apparel,Topwear,Tshirts,Blue,Fall,2010,Casual,Reebok Men Blue Polo T-shirt
15495,Women,Footwear,Shoes,Casual Shoes,Black,Fall,2011,Casual,Carlton London Women Casual Black Casual Shoes
6934,Men,Apparel,Topwear,Tshirts,White,Summer,2011,Casual,Tantra Men's Mistakes White T-shirt
56953,Women,Footwear,Shoes,Heels,Black,Winter,2012,Casual,HM Women Black wedges
19491,Men,Apparel,Innerwear,Trunk,Green,Summer,2016,Casual,Levis Men Jazz Stripes Green Trunks
7846,Men,Footwear,Shoes,Sports Shoes,Black,Fall,2011,Sports,Puma Men's Excitemo Black White Silver Shoe
38382,Men,Accessories,Belts,Belts,Brown,Summer,2012,Casual,Peter England Men Brown Belt
24524,Men,Apparel,Topwear,Shirts,Black,Fall,2011,Casual,Mother Earth Men Black Shirt
33593,Men,Apparel,Topwear,Tshirts,White,Summer,2012,Casual,Wrangler Men Summer Throwdown White T-shirt
22071,Women,Apparel,Topwear,Kurtas,Brown,Fall,2011,Ethnic,Vishudh Women Floral Print Brown Kurta
49749,Men,Accessories,Ties,Ties,Brown,Summer,2012,Casual,Park Avenue Men Brown Tie
49923,Women,Apparel,Saree,Sarees,Red,Fall,2012,Ethnic,Fabindia Red Tie & Dye Ghicha Striped Saree
47243,Men,Footwear,Shoes,Casual Shoes,Red,Summer,2013,Casual,Playboy Men Red Casual Shoes
40066,Men,Apparel,Topwear,Tshirts,Black,Summer,2012,Sports,ADIDAS Men Black T-shirt
58099,Women,Accessories,Jewellery,Pendant,Blue,Fall,2012,Casual,Rreverie Women Blue Pendant
50690,Men,Apparel,Innerwear,Trunk,Black,Summer,2016,Casual,Chromozome Men Black Trunks
18586,Men,Accessories,Socks,Socks,Olive,Summer,2011,Casual,Puma Men Fundamental Sneakers Olive Socks
32219,Women,Apparel,Topwear,Kurtas,White,Summer,2012,Ethnic,Fabindia Women Printed White Kurta
41720,Women,Footwear,Shoes,Heels,Green,Winter,2012,Casual,Catwalk Women Green Heels
11050,Men,Apparel,Topwear,Shirts,Red,Fall,2011,Casual,Scullers Men Check Red Shirts
30743,Men,Apparel,Topwear,Kurtas,White,Summer,2012,Ethnic,Fabindia Men Striped White Kurta
37102,Men,Apparel,Bottomwear,Trousers,Grey,Summer,2012,Formal,Wills Lifestyle Men Grey Trousers
47629,Women,Footwear,Shoes,Flats,Black,Winter,2012,Casual,Carlton London Women Black Shoes
39292,Men,Footwear,Sandal,Sandals,Black,Winter,2018,Casual,Red Chief Men Black Sandals
38340,Girls,Apparel,Topwear,Tops,Off White,Summer,2012,Casual,Mr. Men Little Miss Girls Off White Top
58063,Women,Accessories,Jewellery,Earrings,Silver,Fall,2012,Casual,Rreverie Silver Earrings
2381,Men,Footwear,Shoes,Formal Shoes,Brown,Winter,2018,Formal,Red Tape Men's Brown Formal Shoe
17978,Men,Footwear,Shoes,Casual Shoes,Red,Fall,2011,Casual,Puma Men Funpack Red Casual Shoe With Extra Lace
46978,Women,Accessories,Bags,Handbags,Brown,Summer,2012,Casual,Bulchee Women Brown Handbag
44879,Men,Apparel,Topwear,Tshirts,Black,Summer,2012,Casual,Puma Men Black Polo neck T-shirt
27984,Men,Apparel,Innerwear,Briefs,Navy Blue,Summer,2016,Casual,Jockey ZONE Men Zone Navy Blue Brief US14
7638,Men,Accessories,Belts,Belts,Brown,Summer,2011,Casual,Wrangler Men Chocolate Leather Belt
10392,Women,Accessories,Watches,Watches,White,Winter,2016,Casual,Puma Women Pure Pliancy 258 White Watches
36650,Women,Accessories,Wallets,Wallets,Pink,Summer,2012,Casual,Paridhan Women Pink Coin Pouch Wallet
54486,Men,Apparel,Innerwear,Briefs,Navy Blue,Summer,2016,Casual,Hanes Men Pack of Two Premium Bikini Briefs
34597,Women,Apparel,Topwear,Tops,Cream,Summer,2012,Casual,Tonga Women Cream-Coloured Top
27977,Men,Apparel,Innerwear,Briefs,Grey,Summer,2016,Casual,Jockey ZONE STRETCH Men Grey Zone Stretch Briefs US07
52588,Women,Accessories,Bags,Clutches,Grey,Summer,2012,Casual,Mod'acc Women Black & Grey Clutch
38365,Men,Accessories,Wallets,Wallets,Black,Summer,2012,Casual,Peter England Men Black Wallet
13979,Men,Footwear,Sandal,Sandals,Black,Fall,2011,Casual,Puma Men Jiff Black Sandals
36666,Unisex,Accessories,Bags,Duffel Bag,Brown,Summer,2012,Casual,Paridhan Unisex Brown Duffle Bag
17175,Men,Apparel,Topwear,Shirts,Grey,Fall,2011,Casual,U.S. Polo Assn. Men Checks Grey Shirt
52586,Women,Accessories,Bags,Clutches,Black,Summer,2012,Casual,Mod'acc Women Black Clutch
2185,Men,Apparel,Topwear,Tshirts,Yellow,Spring,2011,Casual,Probase Mens Shut Up Yellow Tee T-shirt
55101,Women,Personal Care,Skin Care,Face Moisturisers,Silver,Spring,2017,Casual,Ponds Age Miracle Cell ReGen Day Cream SPF 15 35g
37581,Girls,Apparel,Bottomwear,Shorts,Green,Summer,2012,Casual,Madagascar 3 Girls Light Green Shorts
28790,Men,Apparel,Bottomwear,Jeans,Blue,Summer,2012,Casual,Denizen Men Blue Jeans
49595,Women,Footwear,Shoes,Heels,Multi,Winter,2015,Casual,Catwalk Women Multi Coloured Flats
24995,Boys,Apparel,Bottomwear,Jeans,Blue,Summer,2012,Casual,United Colors of Benetton Boys Boys Blue Washed Jeans
31883,Women,Accessories,Stoles,Stoles,Mustard,Summer,2012,Ethnic,Fabindia Women Mughal Printed Mustard Stole
26205,Men,Personal Care,Fragrance,Perfume and Body Mist,Blue,Spring,2017,Casual,Nautica Voyage Men Perfume
51733,Women,Accessories,Eyewear,Sunglasses,Brown,Winter,2016,Casual,Allen Solly Women Sunglasses AH218-C2
17314,Men,Accessories,Eyewear,Sunglasses,Black,Winter,2016,Casual,Pepe Jeans Men Casual Sunglasses
40487,Men,Footwear,Shoes,Casual Shoes,Grey,Fall,2012,Casual,Fila Men Grey & Blue Jaquared Shoes
34350,Men,Apparel,Topwear,Tshirts,Purple,Summer,2012,Casual,Myntra Men Purple T-shirt
22007,Women,Accessories,Bags,Handbags,Brown,Winter,2015,Casual,Murcia Women Casual Brown Handbag
11017,Women,Apparel,Topwear,Tops,Blue,Fall,2011,Casual,Wrangler Women Floral Print Blue Top
11473,Men,Apparel,Topwear,Shirts,White,Fall,2011,Casual,United Colors of Benetton Men Summer White Shirts
33723,Women,Accessories,Bags,Clutches,Multi,Summer,2012,Casual,Pieces Women Multi Coloured Purse
44649,Women,Apparel,Topwear,Tops,Off White,Summer,2012,Casual,Arrow Woman Off White Top
49156,Women,Personal Care,Makeup,Highlighter and Blush,Peach,Spring,2017,NA,Deborah Peach HiTech Blusher # 59
49364,Men,Footwear,Shoes,Casual Shoes,Black,Summer,2012,Casual,Vans Men Black Pritchard Shoes
58024,Women,Accessories,Jewellery,Earrings,Gold,Fall,2012,Casual,Rreverie Golden & Turquoise Blue Earrings
11679,Men,Apparel,Topwear,Shirts,Grey,Fall,2011,Casual,Lee Men Check Grey Shirts
43498,Men,Apparel,Topwear,Tshirts,Grey Melange,Summer,2012,Casual,French Connection Men Grey Melange T-shirt
30956,Women,Apparel,Topwear,Tops,Mustard,Summer,2012,Ethnic,Fabindia Women Mustard Tussar Top
32292,Men,Accessories,Watches,Watches,Silver,Winter,2016,Casual,Q&Q Men Silver Dial Watch
25225,Women,Accessories,Bags,Handbags,Blue,Winter,2015,Casual,Lino Perros Women Blue Handbag
36400,Men,Accessories,Socks,Socks,Navy Blue,Summer,2016,Casual,Reid & Taylor Men Navy Blue Socks
33172,Women,Apparel,Topwear,Tops,Purple,Summer,2012,Casual,Sepia Women Purple Top
12661,Men,Apparel,Topwear,Shirts,Blue,Fall,2011,Casual,Probase Men Stripes Blue Shirts
24131,Men,Apparel,Topwear,Tshirts,White,Fall,2011,Casual,ADIDAS Men Printed White T-shirt
31846,Men,Accessories,Watches,Watches,Black,Winter,2016,Casual,Titan Men Black Dial Watch
27749,Men,Accessories,Wallets,Wallets,Black,Winter,2015,Casual,Bulchee Men Black Wallet
57401,Women,Apparel,Innerwear,Briefs,Navy Blue,Winter,2015,Casual,Amante Women Navy Briefs PGDI03
34395,Men,Apparel,Topwear,Tshirts,Red,Summer,2012,Casual,Myntra Men Red Torchers T-shirt
40442,Women,Apparel,Dress,Dresses,Grey,Summer,2012,Casual,La Emotio Women Grey Dress
1762,Women,Apparel,Topwear,Tshirts,Blue,Fall,2010,Sports,Lotto Women Cathy Blue T-shirt
31284,Men,Apparel,Topwear,Tshirts,Black,Summer,2012,Casual,Puma Men Fass Black T-shirt
3697,Women,Apparel,Topwear,Tshirts,Pink,Summer,2011,Casual,Tantra Women Cool Pink Long T-shirt
29881,Men,Accessories,Eyewear,Sunglasses,Black,Winter,2016,Casual,Mayhem Men Aviator Sunglasses 1019-204
13120,Men,Apparel,Topwear,Jackets,Navy Blue,Fall,2011,Sports,ADIDAS Men Ess 3s Rainjkt Navy Blue Jackets
33143,Boys,Apparel,Topwear,Tshirts,Navy Blue,Summer,2012,Casual,Gini and Jony Boys Pack of 2 T-shirts
22260,Women,Footwear,Shoes,Heels,Multi,Winter,2012,Casual,Inc.5 Women Multi Casual Flats
34761,Women,Accessories,Bags,Handbags,Blue,Summer,2015,Casual,Be For Bag Women Blue Tote Bag
35475,Men,Footwear,Shoes,Formal Shoes,Brown,Summer,2012,Formal,Bata Men Remo Brown Formal Shoes
32006,Men,Accessories,Socks,Socks,White,Summer,2016,Formal,Playboy Men White Socks
28301,Men,Accessories,Eyewear,Sunglasses,Black,Winter,2016,Casual,Fastrack Men Black Sunglasses M069BK3
43866,Women,Accessories,Jewellery,Earrings,Gold,Summer,2012,Ethnic,Royal Diadem Earrings
8475,Women,Apparel,Topwear,Tops,Purple,Fall,2011,Casual,Scullers For Her Women Check Purple Top
40419,Women,Apparel,Topwear,Tops,White,Summer,2012,Casual,Tonga Women White & Blue Printed Top
38167,Women,Accessories,Eyewear,Sunglasses,Brown,Winter,2016,Casual,Miami Blues Women Sunglasses
17948,Men,Apparel,Bottomwear,Track Pants,Grey,Fall,2011,Sports,Puma Men South Africa  Grey Track Pant
6523,Women,Apparel,Bottomwear,Capris,Black,Summer,2011,Sports,Nike Women Strong Poly Black Capri
34302,Women,Apparel,Saree,Sarees,Green,Summer,2012,Ethnic,Fabindia Women H& Printed Green Silk Sari
17983,Unisex,Accessories,Bags,Backpacks,Black,Fall,2011,Casual,U.S. Polo Assn. Unisex Laptop  Black Backpack
12895,Boys,Footwear,Shoes,Sports Shoes,Black,Fall,2012,Sports,Puma Boys Black Furure Cat Remix Sports Shoes
56324,Women,Accessories,Watches,Watches,White,Winter,2016,Casual,Fastrack Women White Dial Watch
35020,Women,Accessories,Stoles,Stoles,Blue,Summer,2012,Casual,Fabindia Women Blue Stole
30760,Men,Apparel,Topwear,Kurtas,Red,Summer,2012,Ethnic,Fabindia Men Printed Red Kurta
31474,Men,Apparel,Bottomwear,Trousers,Brown,Fall,2012,Casual,Black Coffee  Brown Formal Trousers
28559,Men,Apparel,Topwear,Tshirts,Red,Summer,2012,Casual,Nike Men Blow up Red T-shirt
57030,Women,Apparel,Topwear,Tops,Pink,Summer,2012,Casual,Forever New Women Pink Top
16632,Men,Apparel,Topwear,Tshirts,Red,Summer,2016,Casual,Facit Men Smart Red Tshirt
27949,Men,Apparel,Innerwear,Trunk,Grey,Summer,2016,Casual,Jockey CSM Men Comfort Stretch Grey Trunks CS04
24199,Men,Apparel,Bottomwear,Jeans,Blue,Summer,2012,Casual,Deni Yo Men Slim Fit Blue Jeans
31641,Men,Apparel,Topwear,Shirts,White,Summer,2012,Casual,Indigo Nation Men White Shirt
52313,Women,Accessories,Jewellery,Bangle,Multi,Winter,2016,Casual,ToniQ Women Multi Coloured Bangle
42175,Men,Apparel,Topwear,Tshirts,White,Summer,2017,Casual,Status Quo Men White T-shirt
4077,Women,Footwear,Shoes,Casual Shoes,Black,Summer,2011,Casual,Numero Uno Women Dark Black Shoe
7639,Men,Apparel,Topwear,Tshirts,Grey,Fall,2011,Sports,Puma Men's Slogan Grey T-shirt
51905,Women,Accessories,Bags,Handbags,Purple,Summer,2016,Casual,Nyk Women Blue Pacifier Handbag
8417,Girls,Apparel,Topwear,Tshirts,Yellow,Fall,2011,Casual,Doodle Girl's Saturday 24Am Yellow Teen Kidswear
30992,Men,Personal Care,Fragrance,Perfume and Body Mist,NA,Spring,2017,NA,NA
20131,Women,Apparel,Topwear,Shirts,Red,Fall,2011,Casual,Wrangler Women Double Red Shirt
46747,Men,Apparel,Bottomwear,Track Pants,Black,Summer,2012,Sports,Nike Men Black Track Pants
1551,Unisex,Sporting Goods,Sports Equipment,Footballs,Orange,Fall,2010,Sports,Puma Power Cat Trainer-OB Football
48843,Women,Accessories,Jewellery,Pendant,Silver,Summer,2012,Casual,Lucera Women Silver Pendant
42119,Men,Apparel,Bottomwear,Shorts,Navy Blue,Summer,2012,Casual,ADIDAS Men Navy Blue 3/4 Pant
8080,Men,Footwear,Shoes,Sports Shoes,White,Fall,2011,Sports,ADIDAS Men Barracks Premier White Sports Shoes
20794,Men,Footwear,Sandal,Sandals,Navy Blue,Fall,2010,Casual,Fila Men Tide Navy Blue Sandals
23581,Women,Personal Care,Fragrance,Deodorant,Pink,Spring,2017,Casual,Nike Fragrances Women Original Deo
43656,Women,Apparel,Bottomwear,Shorts,Orange,Summer,2012,Casual,ONLY Women Orange Shorts
2920,Women,Apparel,Topwear,Tshirts,Blue,Fall,2010,Casual,DUSG Women's Green Polo T-shirt
23127,Unisex,Footwear,Flip Flops,Flip Flops,Green,Summer,2012,Casual,Converse Unisex Green Live, Life, Laugh Flip Flops
56346,Men,Accessories,Watches,Watches,Steel,Winter,2016,Casual,Fastrack Men Steel Dial Watch
25224,Women,Accessories,Bags,Backpacks,Purple,Winter,2015,Casual,Lino Perros Women Sporty Purple Backpacks
54086,Women,Apparel,Topwear,Kurtis,Pink,Summer,2012,Ethnic,Mumbai Slang Women Pink Kurti
14756,Men,Apparel,Topwear,Shirts,Blue,Fall,2011,Formal,Arrow Men Solid Blue Shirts
6584,Men,Apparel,Topwear,Tshirts,Green,Summer,2011,Sports,Nike Men's The Polo Green T-shirt
10792,Men,Apparel,Topwear,Shirts,Red,Fall,2011,Casual,Wrangler Men Authentic Rope Embro Red Shirts
57869,Women,Personal Care,Skin,Face Moisturisers,White,Spring,2017,Casual,Biotique Bio Saffron Dew Face & Body Cream
24795,Women,Accessories,Watches,Watches,Blue,Winter,2016,Casual,Ice Women Blue Watch
47233,Men,Footwear,Sandal,Sandals,Black,Summer,2012,Casual,Franco Leone Men Black  Sandals
6326,Unisex,Footwear,Flip Flops,Flip Flops,Blue,Spring,2012,Casual,Puma Unisex MM II Blue Flip Flop
57293,Men,Apparel,Topwear,Shirts,White,Summer,2012,Casual,French Connection Men Brown Checks Shirt
26452,Men,Footwear,Shoes,Casual Shoes,Black,Fall,2012,Casual,Puma Men Wirko  Black Casual Shoes
47657,Women,Apparel,Bottomwear,Skirts,Cream,Summer,2012,Casual,Femella Women Grey Printed Skirt
1627,Unisex,Sporting Goods,Sports Equipment,Footballs,White,Fall,2010,Sports,Kipsta F300 Football
6059,Men,Apparel,Topwear,Shirts,Green,Summer,2011,Casual,UCB Men Linen Small Checks Green Shirt
42268,Women,Footwear,Shoes,Casual Shoes,Red,Summer,2012,Casual,Vans Women Red Authentic Shoes
59620,Women,Apparel,Saree,Sarees,Green,Summer,2012,Ethnic,FNF Green & Black Wedding Collection Sari
13268,Women,Apparel,Topwear,Tops,Pink,Fall,2011,Casual,Palm Tree Kids Girls Printed Pink Tops
10283,Men,Footwear,Sandal,Sandals,Black,Fall,2012,Casual,Clarks Men Unstructured Leather Black Sandals
34224,Men,Apparel,Topwear,Tshirts,Green,Summer,2013,Casual,Proline Men Green T-shirt
33465,Women,Accessories,Belts,Belts,Black,Summer,2012,Casual,Baggit Women Taj Black  Belt
13062,Men,Accessories,Watches,Watches,Black,Winter,2016,Casual,Fastrack Men Date Black Watches
4504,Men,Footwear,Shoes,Sports Shoes,White,Summer,2011,Sports,Lotto Men's Swing White Silver Shoe
12144,Women,Apparel,Topwear,Kurtas,Black,Fall,2011,Ethnic,Aurelia Women Solid Black Kurtas
49025,Women,Accessories,Jewellery,Ring,Silver,Summer,2013,Casual,Lucera Women Setbof Two  Silver Ring
43516,Women,Apparel,Topwear,Tops,Orange,Summer,2012,Casual,French Connection Women Orange Top
4390,Men,Apparel,Topwear,Tshirts,White,Summer,2011,Casual,Free Authority Men's Retro Music White T-shirt
31794,Women,Apparel,Topwear,Tshirts,Navy Blue,Summer,2012,Casual,Lee Women Navy Blue Beach T-shirt
57586,Women,Personal Care,Lips,Lipstick,Brown,Spring,2017,Casual,Lotus Herbals Sand Storm Lipstick 181
56666,Men,Footwear,Shoes,Casual Shoes,Grey,Summer,2012,Casual,United Colors Of Benetton Men Grey Shoes
29559,Unisex,Footwear,Shoes,Casual Shoes,Black,Summer,2012,Casual,Vans Unisex Authentic Black Shoes
12340,Men,Apparel,Topwear,Shirts,Green,Fall,2011,Formal,Mark Taylor Men Green Striped Shirt
3525,Men,Apparel,Topwear,Tshirts,Black,Summer,2011,Casual,Myntra Men's I Know I Am Not Black T-shirt
30222,Men,Apparel,Topwear,Shirts,White,Summer,2012,Formal,John Miller Men Striped White Shirt
25951,Women,Accessories,Scarves,Scarves,Black,Summer,2012,Casual,Femella Women Printed Black & Cream Scarf
29906,Women,Accessories,Watches,Watches,Gold,Winter,2016,Casual,Police Women Gold-Toned Dial Watch PL11916MSG-06B
15506,Men,Footwear,Shoes,Formal Shoes,Black,Fall,2011,Formal,Rockport Men OC Plaintoe Black Formal Shoes
20427,Women,Accessories,Wallets,Wallets,Brown,Winter,2015,Casual,Baggit Women Era Taj  Brown Wallet
6898,Women,Apparel,Bottomwear,Skirts,Cream,Summer,2011,Casual,Forever New Women's Formal Cream Skirt
39952,Men,Footwear,Flip Flops,Flip Flops,Brown,Fall,2012,Casual,Gas Men Brown Freak Flip Flops
14878,Women,Accessories,Bags,Handbags,Grey,Summer,2011,Casual,United Colors of Benetton Women Solid Grey Handbags
48132,Women,Accessories,Wallets,Wallets,Multi,Winter,2016,Casual,Fossil Women Multi Coloured Wallet
11509,Women,Footwear,Shoes,Flats,Tan,Winter,2015,Casual,Catwalk Women Lifestyle Tan Flats
2863,Men,Apparel,Topwear,Tshirts,Green,Summer,2011,Casual,Inkfruit Mens Kick Off T-shirt
52098,Women,Apparel,Topwear,Tops,Green,Summer,2012,Casual,Myntra Women Green Top
30840,Women,Apparel,Topwear,Kurtas,Black,Summer,2012,Ethnic,Fabindia Women Striped Black Kurta
46834,Girls,Apparel,Bottomwear,Capris,Blue,Fall,2012,Casual,Gini and Jony Girls Blue Capris
25902,Women,Apparel,Bottomwear,Leggings,Grey,Summer,2012,Casual,Femella Women Grey Skinny Leggings
33064,Men,Apparel,Topwear,Shirts,Blue,Summer,2012,Casual,U.S. Polo Assn. Denim Co. Men Check Blue Shirt
43777,Women,Accessories,Jewellery,Earrings,White,Summer,2012,Ethnic,Royal Diadem Gold & White Earrings
16129,Men,Apparel,Topwear,Tshirts,Blue,Fall,2011,Sports,ADIDAS Men Blue Polo Tshirt
29390,Men,Apparel,Topwear,Shirts,Maroon,Summer,2012,Formal,Genesis Men Maroon Shirt
56893,Women,Footwear,Shoes,Flats,Multi,Winter,2012,Casual,HM Women Multi Coloured Shoes
13000,Women,Footwear,Shoes,Heels,Black,Winter,2012,Casual,Inc 5 Women Casual Black Heels
31162,Unisex,Apparel,Bottomwear,Jeans,Blue,Summer,2012,Casual,Gini and Jony Kids Unisex Blue Jeans
28873,Women,Apparel,Topwear,Kurtas,Green,Summer,2012,Ethnic,BIBA Women Bohemian Green Kurta
20222,Women,Apparel,Topwear,Sweaters,Grey,Fall,2011,Casual,Wrangler Women Scoop Grey Sweater
11101,Men,Apparel,Topwear,Shirts,Purple,Fall,2011,Formal,Indigo Nation Men Stripes Purple Shirts
57714,Women,Personal Care,Lips,Lip Gloss,Pink,Spring,2017,NA,Lotus Herbals Seduction Winter Berry Lip Gloss 43
29955,Men,Accessories,Eyewear,Sunglasses,Steel,Winter,2016,Casual,Cat Men Steel Sunglasses
38229,Women,Accessories,Eyewear,Sunglasses,Black,Winter,2016,Casual,Polaroid Women Sunglasses
57379,Women,Apparel,Innerwear,Briefs,Cream,Winter,2015,Casual,Amante Women Cream-Coloured Briefs PFCL06
8500,Women,Apparel,Dress,Dresses,Multi,Fall,2011,Casual,Forever New Women GeoPrint Multi Coloured Dress
42835,Women,Accessories,Bags,Handbags,Charcoal,Summer,2012,Casual,French Connection Women Charcoal Handbag
12779,Women,Apparel,Topwear,Kurtas,Maroon,Fall,2011,Ethnic,Mother Earth Women Aug Bagru Maroon & Black Kurta
48533,Women,Accessories,Bags,Handbags,Black,Summer,2012,Casual,Wrangler Women Black Canvas Handbag
10812,Men,Apparel,Topwear,Shirts,Brown,Fall,2011,Casual,Wrangler Men Wales Slim Hb Brown Shirts
44563,Men,Footwear,Sandal,Sandals,Black,Summer,2012,Casual,Coolers Men Black Sandals
4568,Men,Footwear,Shoes,Sports Shoes,White,Summer,2011,Sports,Nike Men's Collecte White Shoe
41486,Men,Apparel,Topwear,Tshirts,Navy Blue,Summer,2012,Casual,Locomotive Men Blue T-shirt
37634,Girls,Apparel,Topwear,Tshirts,Pink,Summer,2012,Casual,Madagascar3 Girls Pink Printed T-Shirt
54968,Men,Free Items,Free Gifts,Free Gifts,Black,Spring,2017,Casual,Rasasi Men Skill Power Deo
21335,Men,Accessories,Eyewear,Sunglasses,Black,Winter,2016,Casual,Louis Philippe Men Sunglasses LP204-C3
6200,Men,Apparel,Topwear,Tshirts,White,Summer,2011,Casual,UCB Men's Small Square Print White T-shirt
30081,Men,Accessories,Watches,Watches,Black,Winter,2016,Casual,Ed Hardy Men Black Watch
7928,Men,Apparel,Topwear,Tshirts,Olive,Fall,2011,Casual,Proline Men Olive Green Polo T-shirt
36315,Boys,Apparel,Topwear,Tshirts,Red,Summer,2012,Casual,Mr.Men Boys Just Looking Red T-shirt
49688,Men,Accessories,Ties,Ties,Blue,Summer,2012,Casual,Park Avenue Men Blue Tie
32325,Men,Accessories,Watches,Watches,Black,Winter,2016,Casual,Q&Q Men Black Dial Watch
29594,Men,Apparel,Topwear,Tshirts,Black,Summer,2012,Casual,Indigo Nation Men Black Polo T-shirt
39534,Women,Apparel,Innerwear,Bra,White,Summer,2016,Casual,Bwitch White Bra BW340-0002
48791,Women,Accessories,Jewellery,Pendant,Silver,Summer,2013,Casual,Lucera Women Black Silver Pendant with Chain
7980,Men,Apparel,Topwear,Tshirts,Black,Fall,2011,Sports,Fila Men's Crew Neck Black Grey T-shirt
12187,Men,Apparel,Topwear,Shirts,White,Fall,2011,Casual,Basics Men White Slim Fit Checked Shirt
15190,Men,Apparel,Topwear,Tshirts,Navy Blue,Fall,2011,Casual,Arrow Sport Men Solid Navy Blue Polo Tshirts
59274,Women,Accessories,Watches,Watches,Yellow,Winter,2016,Casual,Titan Women Yellow Watch
11957,Men,Footwear,Shoes,Casual Shoes,Tan,Summer,2012,Casual,Ganuchi Men Casual Tan Casual Shoes
34648,Women,Footwear,Shoes,Sports Shoes,Grey,Fall,2012,Sports,Fila Women Artifice Grey Sports Shoes
17605,Men,Accessories,Eyewear,Sunglasses,Black,Winter,2016,Casual,Cat Men Classic Black Sunglasses
42063,Unisex,Accessories,Bags,Mobile Pouch,Black,Summer,2012,Casual,American Tourister Unisex Black Camera Bag
2296,Women,Apparel,Topwear,Tshirts,Black,Fall,2010,Sports,Nike Women DPT Black T-shirt
25191,Women,Accessories,Bags,Handbags,Brown,Winter,2015,Casual,Lino Perros Women Classic Brown Handbag
35303,Women,Accessories,Jewellery,Earrings,Silver,Winter,2016,Ethnic,Fabindia Women Ananya Silver Earrings
22172,Men,Footwear,Shoes,Casual Shoes,Tan,Fall,2012,Casual,Timberland Men Tan Casual Shoes
27400,Women,Apparel,Innerwear,Bra,Nude,Summer,2018,Casual,Jockey Essence Nude-Coloured Full-Coverage Cross Over Bra 1242
35793,Women,Footwear,Shoes,Casual Shoes,Purple,Summer,2012,Casual,Enroute Women Purple Shoes
22724,Men,Footwear,Shoes,Sports Shoes,Blue,Fall,2011,Sports,Nike Men Zoom Hyperdunk Blue Sports Shoes
19559,Men,Apparel,Topwear,Tshirts,Blue,Summer,2011,Casual,United Colors Of Benetton Men Blue T-shirt
54596,Women,Apparel,Topwear,Kurtas,Orange,Summer,2012,Ethnic,Sushilas Women Orange Printed Kurta
20241,Women,Apparel,Topwear,Tshirts,Black,Fall,2011,Casual,Wrangler Women Printed Black T-shirt
10249,Women,Accessories,Bags,Handbags,Brown,Winter,2015,Casual,Murcia Women Hahk Brown Handbags
4192,Boys,Apparel,Topwear,Tshirts,Green,Summer,2011,Casual,Disney Kids Boy's Green Naughty Donald Kidswear
18820,Men,Accessories,Wallets,Wallets,Black,Summer,2011,Casual,Peter England Men Statements Black Wallet
21704,Men,Accessories,Watches,Watches,Black,Winter,2016,Casual,Fossil Men Black Dial Watch FS4576
4166,Men,Footwear,Shoes,Sports Shoes,Red,Summer,2011,Sports,Reebok Men's Zigfuel White Red Shoe
34813,Men,Footwear,Flip Flops,Flip Flops,Black,Fall,2012,Casual,ADIDAS Men Calo Black Flip Flops
41840,Women,Footwear,Shoes,Sports Shoes,White,Summer,2012,Sports,Skechers Women White Sports Shoes
55488,Women,Personal Care,Lips,Lip Gloss,Bronze,Spring,2017,Casual,Revlon Bronze Shimmer Colorburst Lip Gloss 30
49077,Women,Personal Care,Eyes,Eyeshadow,Blue,Spring,2017,NA,Deborah HiTech Trio Eye Shadow 3
30883,Women,Apparel,Topwear,Kurtas,Navy Blue,Summer,2012,Ethnic,Fabindia Women Printed Navy Blue Kurta
7916,Men,Apparel,Topwear,Tshirts,Brown,Fall,2011,Casual,Proline Men Brown Polo T-shirt
40758,Women,Footwear,Flip Flops,Flip Flops,Pink,Winter,2012,Casual,Roxy Women Pink Flip Flops
50357,Women,Apparel,Topwear,Kurtas,Mustard,Summer,2012,Ethnic,Aurelia Women Mustard Kurta
56292,Women,Apparel,Innerwear,Bra,Rose,Summer,2017,Casual,Biara Women Rose Red Bra
33605,Women,Accessories,Wallets,Wallets,Blue,Summer,2012,Casual,Lino Perros Women Blue Wallet
37251,Men,Footwear,Shoes,Casual Shoes,Brown,Summer,2012,Casual,United Colors of Benetton Men Brown Shoes
42834,Women,Accessories,Bags,Handbags,Grey,Summer,2012,Casual,French Connection Women Grey & Brown Handbag
35992,Women,Apparel,Topwear,Tshirts,White,Summer,2012,Casual,Flying Machine Women Tee White T-shirt
39551,Women,Accessories,Wallets,Wallets,Black,Summer,2012,Casual,Hidekraft Women Black Wallet
6808,Women,Footwear,Shoes,Casual Shoes,Yellow,Summer,2011,Casual,Timberland Women's Prem Wheat Yellow Shoe
33292,Men,Apparel,Topwear,Shirts,Black,Summer,2012,Casual,Arrow Sport
43323,Women,Apparel,Topwear,Tops,Navy Blue,Summer,2012,Casual,United Colors of Benetton Women Navy Blue Top
52635,Women,Accessories,Bags,Handbags,Black,Summer,2012,Casual,Mod-acc Women Black Handbag
20215,Men,Apparel,Topwear,Sweaters,Blue,Fall,2011,Casual,Wrangler Men Flag Blue Sweater
8368,Girls,Apparel,Topwear,Tshirts,Pink,Fall,2011,Casual,Doodle Girl's Halter Neck Pink Kidswear
53528,Women,Apparel,Innerwear,Briefs,Pink,Winter,2015,Casual,Amante Women Pink Briefs PCLC11
32349,Men,Accessories,Watches,Watches,Steel,Winter,2016,Casual,Q&Q Men Steel Watch
24021,Men,Apparel,Topwear,Tshirts,Navy Blue,Summer,2012,Casual,Locomotive Men Navy Blue Printed T-shirt
19997,Men,Apparel,Topwear,Tshirts,White,Fall,2011,Casual,United Colors Of Benetton Men White T-shirt
44766,Men,Footwear,Shoes,Casual Shoes,Black,Summer,2012,Casual,Globalite Men Black & Grey Eclipse Shoes
58339,Women,Footwear,Flip Flops,Flip Flops,Purple,Summer,2012,Casual,Lotto Women Purple Flip Flops
5217,Unisex,Accessories,Bags,Backpacks,Brown,Winter,2015,Casual,Wildcraft Unisex Brown & Black Backpack
8702,Women,Accessories,Eyewear,Sunglasses,Brown,Winter,2016,Casual,Fastrack Women Basics Brown Sunglasses
46452,Men,Accessories,Watches,Watches,Black,Winter,2016,Casual,Timex Men Black Dial Watch J201
32385,Women,Apparel,Topwear,Tshirts,Navy Blue,Summer,2012,Casual,Arrow Woman Striped Navy Blue T-shirt
24670,Unisex,Footwear,Shoes,Casual Shoes,White,Fall,2010,Casual,Converse Unisex Floral Print Casual Shoes
